address,city,country,gmaps_place_id,gmaps_url,key,lat,lng,location_name,motto,name,nickname,postal_code,rookie_year,state_prov,team_number,website,home_championship.2017,home_championship.2018,district
NA,Seattle,USA,NA,NA,frc1258,NA,NA,NA,NA,The Boeing Company/SPEEA/Aerospace Joint Apprenticeship Committee&Seattle Lutheran High School,SeaBot,98116,2004,Washington,1258,http://www.seattlelutheran.org/events/robotics/robotics.html,Houston,Houston,pnw
NA,Sammamish,USA,NA,NA,frc1294,NA,NA,NA,NA,Lake Washington Schools Foundation/Microsoft/donuts/FIRSTWA/SAE NW Section/OSPI/Eastlake Robotics Family Members/Eastlake High School&Eastlake High School,Top Gun,98074,2004,Washington,1294,http://www.team1294.org,Houston,Houston,pnw
NA,Issaquah,USA,NA,NA,frc1318,NA,NA,NA,NA,The Boeing Company/State of Washington OSPI/Issaquah Schools Foundation&Issaquah High School,Issaquah Robotics Society,98027,2004,Washington,1318,http://www.team1318.org,Houston,Houston,pnw
NA,Lebanon,USA,NA,NA,frc1359,NA,NA,NA,NA,Linn Benton Community College/Oregon Dept of Education/Matthews International Inc./IBEW Local 280/Lebanon High School/HyTek Plastics/Weyerhaeuser Giving Fund&Venture Crew 308,Scalawags,97355,2004,Oregon,1359,http://www.scalawags.org,Houston,Houston,pnw
NA,Wilsonville,USA,NA,NA,frc1425,NA,NA,NA,NA,Lam Research/3D Systems/Xerox/DW Fritz/Rockwell Collins/TE Connectivity/Mentor Graphics/A-dec/City Of Wilsonville/Shields Manufacturing/Oregon Technology/Apex Plastics&Wilsonville High School,Error Code Xero,97070,2004,Oregon,1425,http://www.wilsonvillerobotics.com,Houston,Houston,pnw
NA,Portland,USA,NA,NA,frc1432,NA,NA,NA,NA,Knights of Pythias Ivanhoe Lodge No. 1/S.E. Portland Rotary/The Boeing Company/Free Geek/Walmart&Explorer Post 89,Metal Beavers,97206,2004,Oregon,1432,http://team1432.com,Houston,Houston,pnw
NA,Beaverton,USA,NA,NA,frc1510,NA,NA,NA,NA,Intel/Microsoft Azure/Oregon Dept of Education (ODE)/Tektronix/Autodesk/First Tech Credit Union/iQ Credit Union/Maxim/Microsoft/PWC/Portland Community College/BPS Robotics&Westview High School,Wildcats,97229,2005,Oregon,1510,http://www.bpsrobotics.org/1510,Houston,Houston,pnw
NA,Portland,USA,NA,NA,frc1540,NA,NA,NA,NA,Catlin Gabel School/Autodesk/Elemental/Carollo&Catlin Gabel School,Flaming Chickens,97225,2005,Oregon,1540,http://www.team1540.org/,Houston,Houston,pnw
NA,Gresham,USA,NA,NA,frc1571,NA,NA,NA,NA,The Boeing Company/Oregon Dept of Education/MicroChip/Autodesk/Benchmade Knife&Center for Advanced Learning,CALibrate Robotics,97030,2005,Oregon,1571,http://team1571.org,Houston,Houston,pnw
NA,Spokane,USA,NA,NA,frc1595,NA,NA,NA,NA,Pearson Packaging Systems/American Alloy/FirstWashington/Google/Haskins Steel/F5 Networks/Dove Printing/Avista/Alaska Airlines/Boeing/Applied industrial Technologies & St George's School,The Dragons,99208,2005,Washington,1595,http://www.1595dragons.org/,Houston,Houston,pnw
NA,Mountlake Terrace,USA,NA,NA,frc1778,NA,NA,NA,NA,The Boeing Company/OSPI/Philips Healthcare Corporation/Steel-Fab/Alderwood Rotary/CompTia/F5/Foundation for Edmonds School District/Lynnwood Kids Dentist/Sundance Energy/Pemco/Andeavor&Mountlake Terrace High School,Chill Out,98043,2006,Washington,1778,http://www.first1778.org/,Houston,Houston,pnw
NA,Bellevue,USA,NA,NA,frc1899,NA,NA,NA,NA,Microsoft/OSPI/Bellevue Schools Foundation & Interlake Senior High School,Saints Robotics,98008,2006,Washington,1899,http://www.saintsrobotics.com/,Houston,Houston,pnw
NA,Seattle,USA,NA,NA,frc1983,NA,NA,NA,NA,The Boeing Company/Lockheed Martin/OmanTek&4H,Skunk Works Robotics,98108,2007,Washington,1983,http://skunkworks1983.com/,Houston,Houston,pnw
NA,Maple Valley,USA,NA,NA,frc2046,NA,NA,NA,NA,The Boeing Company/Washington State OSPI/Pinnacle Medical Wellness/Flow International Corporation/Alaska Airlines/THiNC/Tahoma School District&Tahoma Senior High School,Bear Metal,98038,2007,Washington,2046,http://tahomarobotics.org/,Houston,Houston,pnw
NA,Tukwila,USA,NA,NA,frc2097,NA,NA,NA,NA,Raisbeck Aviation High School PTSA/Builders Capital/Boeing/OMAX/West Monroe Partners/Highline School District/FIRST Washington/OSPI/Sellen Construction/Microsoft/Milwaukee Tool/SPEEA/Marathon Oil/Russell Fastening Inc./Division 5 Metals/Bishop Legal&Aviation High School,Phoenix Force Robotics,98108,2007,Washington,2097,http://PhoenixForceRobotics.org,Houston,Houston,pnw
NA,Spokane,USA,NA,NA,frc2147,NA,NA,NA,NA,Elcon Construction/Bill Meyer/Wagstaff/F5/Greater Spokane Incorporated/Boeing/Mackay Manufacturing&West Valley High School,CHUCK,99212,2007,Washington,2147,http://chuck2147.com,Houston,Houston,pnw
NA,Spokane,USA,NA,NA,frc2148,NA,NA,NA,NA,Altek/Wagstaff  Inc./f5 Corporation & East Valley High School&Extension & East Valley High School&Extension,Mechaknights,99216,2007,Washington,2148,http://www.Team2148.com,Houston,Houston,pnw
NA,Portland,USA,NA,NA,frc2374,NA,NA,NA,NA,Mentor Graphics&Jesuit High School,Crusader Bots,97225,2008,Oregon,2374,http://www.team2374.com,Houston,Houston,pnw
NA,Portland,USA,NA,NA,frc2411,NA,NA,NA,NA,NASA/Oregon Department of Edcation/Boeing/Mark Sutton in Memory of John W. Sutton&Alliance High School,Rebel Alliance,97211,2008,Oregon,2411,http://www.team2411.org,Houston,Houston,pnw
NA,Bellevue,USA,NA,NA,frc2412,NA,NA,NA,NA,Microsoft/Intellectual Ventures/Bellevue Schools Foundation/Office of the Superintendent of Public Instruction/Embry Riddle Aeronautical University/T-Mobile/Andeavor I./Alaska Airlines&Sammamish Senior High,Robototes,98005,2008,Washington,2412,http://first.robototes.com,Houston,Houston,pnw
NA,Camas,USA,NA,NA,frc2471,NA,NA,NA,NA,"US Digital/Analog Devices/Protech Composites/The Boeing Company/Fisher Investments/WA OSPI/Hewlett Packard/Camas Washougal Rotary/Wafertech/Georga Pacific/iPly Designs/SPEEA, Boeing Employee Union/Fire Fighters L1159/Barsotti Family/Interstate Batteries&Camas High School&Hockinson High School&Washougal High School",Team Mean Machine,98607,2008,Washington,2471,http://www.team2471.org/,Houston,Houston,pnw
NA,Eugene,USA,NA,NA,frc2521,NA,NA,NA,NA,John Deere/Boeing/Oregon Department of Education/XS Media/K Ridley Technology/Autodesk/BPA/First Tech/MulitCraft Plastics/Mozilla Foundation/Harmonic Labs/Concentric Sky/Skyward/Palo Alto Software&South Eugene High School,SERT,97405,2008,Oregon,2521,http://www.sert2521.org,Houston,Houston,pnw
NA,Bothell,USA,NA,NA,frc2522,NA,NA,NA,NA,Microsoft/OSPI/Google/The Boeing Company/SPEEA/Exotic Tool Welding Inc./Qualitel/Honeycutt Manufacturing&Lynnwood High School,Royal Robotics,98012,2008,Washington,2522,http://www.royalrobotics.org,Houston,Houston,pnw
NA,Oregon City,USA,NA,NA,frc2550,NA,NA,NA,NA,Boeing Company/LAM/Marathon Oil/Microsoft&Clackamas Academy of Industrial Sciences&Clackamas Web Academy&North Clackamas Christian School&Alliance Charter Academy,Skynet,97045,2008,Oregon,2550,http://team2550.blogspot.com/,Houston,Houston,pnw
NA,Tacoma,USA,NA,NA,frc2557,NA,NA,NA,NA,"OSPI/Boeing/Tacoma School District/Microsoft/F5 Networks, Inc/Zumar Industries Incorporated/Intellectual Ventures/Elements of Education Partners/FIRST Washington/Multicare/Aluminumand Bronze Fabricators/Pierce Aluminum Company/First Tech Credit Union/Bamford Foundation/Marathon Oil/Northwest Pipe and Steel&Tacoma School of the Arts&Science and Math Institute&Industrial Design Engineering and Art High School",SOTAbots ,98408,2008,Washington,2557,http://www.sotabots.com,Houston,Houston,pnw
NA,Bellingham,USA,NA,NA,frc2605,NA,NA,NA,NA,OPSI/Bellingham Public Schools Foundation/BP/Freeland Engineering/Google & Squalicum High School & Bellingham High School & Sehome High School,Seamonsters ,98225,2008,Washington,2605,http://www.seamonsters2605.org,Houston,Houston,pnw
NA,Lake Oswego,USA,NA,NA,frc2635,NA,NA,NA,NA,LAM Research/Intel/Boeing/Mentor Graphics/DWFritz/WA FIRST Robotics/Really Big Video&Lakeridge High School&Lake Oswego Senior High School,Lake Monsters,97034,2008,Oregon,2635,http://www.frc2635.org,Houston,Houston,pnw
NA,Portland,USA,NA,NA,frc2733,NA,NA,NA,NA,Daimler/TE Connectivity/Boeing/Oregon Dept of Education/FLIR/Autodesk/DW Fritz Automation/Marathon Oil/SolidWorks/Hankins Hardware&Cleveland High School&Family/Community,Pigmice,97202,2009,Oregon,2733,https://www.pigmice.com,Houston,Houston,pnw
NA,Vancouver,USA,NA,NA,frc2811,NA,NA,NA,NA,The Boeing Company/Protech/Washington State OSPI/Vancouver Public Schools/Hewlett Packard Company/ConMet&Skyview High School,StormBots,98685,2009,Washington,2811,http://www.stormbots.com,Houston,Houston,pnw
NA,Beaverton,USA,NA,NA,frc2898,NA,NA,NA,NA,LAM Research/Intel/Microsoft Azure/Autodesk/Marathon Oil/Microsoft/Portland Community College (PCC)/BPS Robotics&Health & Science School&School of Science & Technology,Flying Hedgehogs,97006,2009,Oregon,2898,http://www.team2898.bpsrobotics.org,Houston,Houston,pnw
NA,Arlington,USA,NA,NA,frc2903,NA,NA,NA,NA,The Boeing Company/Office of Superintendent for Public Instruction/SPEEA/Rotary International/C & D Zodiac/Rockwell Collins & Arlington High School,NeoBots,98223,2009,Washington,2903,http://neobots2903.org/,Houston,Houston,pnw
NA,Spanaway,USA,NA,NA,frc2906,NA,NA,NA,NA,Bethel Public Schools CTE&Spanaway Lake High School,Sentinel Prime Robotics,98387,2009,Washington,2906,http://www.firstinspires.org/,Houston,Houston,pnw
NA,Auburn,USA,NA,NA,frc2907,NA,NA,NA,NA,The Boeing Company/Boeing Professionals/Intellectual Ventures/SPEEA/PTC/OSPI/C.A.M.P.S./LCNW/CenturyLink&Auburn Mountainview High School,Lion Robotics,98092,2009,Washington,2907,http://www.lionrobotics.org,Houston,Houston,pnw
NA,Mill Creek,USA,NA,NA,frc2910,NA,NA,NA,NA,The Boeing Company/Microsoft/Electroimpact/CREO Industrial Arts/OSPI/Everett Sound Machine Works/Washington FIRST Robotics/Brian Gattman & Dave Mumaw/Dwayne Lanes/Mill Creek Police Department/Swerve Drive Specialties/SolidWorks/Tacoma Screw/Air Gas/Crane Aerospace/Computer Concepts/Alaska Airlines/First Tech Credit Union/Google/Marathon Oil&Henry M. Jackson High School,Jack in the Bot,98082,2009,Washington,2910,http://frcteam2910.org,Houston,Houston,pnw
NA,Portland,USA,NA,NA,frc2915,NA,NA,NA,NA,Autodesk/Riverdale PTC/Covanta/Lumencor/Intel&Riverdale High School,Pandamonium,97219,2009,Oregon,2915,http://team2915.com,Houston,Houston,pnw
NA,Wapato,USA,NA,NA,frc2926,NA,NA,NA,NA,"Wok Teriyaki/Washington State Office of Superintendent of Public Instruction/Washington FIRST Robotics/Bezos Family Foundation/The Boeing Company/Wapato School District (WSD)/Yakima Valley Community Foundation/PayTrace, LLC/Flores Laundromat&Wapato High School",Robo Sparks,98951,2009,Washington,2926,http://www.robosparks.com,Houston,Houston,pnw
NA,Graham,USA,NA,NA,frc2927,NA,NA,NA,NA,Graham Kapowsin High School,Pi Rho Techs,98338,2009,Washington,2927,http://bayessoftware.com/robotics/,Houston,Houston,pnw
NA,Seattle,USA,NA,NA,frc2928,NA,NA,NA,NA,GM Nameplate/ARM/DataPro Machining/The Schultz Family/Online Metals/Directions on Microsoft/Digital Product Studio/CSR Marine/Avaya Communications/TLG Aerospace Engineering/OSPI/The Grainger Foundation/Inlandboatmen's Union/The Estate of Jeannie Moehimann/Nintendo/Boeing/Microsoft/Meg Bitton Productions/F5 Systems&Ballard High School,Viking Robotics,98117,2009,Washington,2928,https://www.ballardrobotics.org/,Houston,Houston,pnw
NA,Puyallup,USA,NA,NA,frc2929,NA,NA,NA,NA,&Emerald Ridge High School&Emerald Ridge High School,JAGBOTS,98374,2009,Washington,2929,http://www.team2929.org,Houston,Houston,pnw
NA,Snohomish,USA,NA,NA,frc2930,NA,NA,NA,NA,Microsoft/The Boeing Company/Leidos/SPEEA/Snohomish Education Foundation&Glacier Peak High School&Snohomish High School,Sonic Squirrels,98296,2009,Washington,2930,http://www.sonicsquirrels.com,Houston,Houston,pnw
NA,Spokane,USA,NA,NA,frc2944,NA,NA,NA,NA,OSPI/Spokane Public Schools/Bezos Family Foundation/Avista/Ryerson/LC Boosters/Andeaver/F5 Networks/First Tech Credit Union/Google/PwC/Infinite Events/Team 2944 Parents&Lewis & Clark High School,Titanium Tigers,99204,2009,Washington,2944,http://www.team2944.com/,Houston,Houston,pnw
NA,Sammamish,USA,NA,NA,frc2976,NA,NA,NA,NA,The Boeing Company/Issaquah Schools Foundation & Skyline High School,Spartabots,98075,2009,Washington,2976,http://spartabots.org,Houston,Houston,pnw
NA,Oak Harbor,USA,NA,NA,frc2980,NA,NA,NA,NA,NASA/The Boeing Company/IDEX Foundation/IDEX Health and Science/Wildcat Robotics Booster Club/Tesoro/Island Thrift/Microsoft/Google/Oak Harbor High School CTE Department/Krieg Construction/North Whidbey Lions Club/Oak Harbor Lions Club/Ashley's Design/Oak Harbor Rotary Club/Office of the Superintendent of Public Instruction/Trossen Robotics/Oak Harbor Educational Foundation/Soroptimist International of Oak Harbor & Oak Harbor High School,The Whidbey Island Wild Cats,98277,2009,Washington,2980,http://www.team2980.wixsite.com/team2980,Houston,Houston,pnw
NA,Turner,USA,NA,NA,frc2990,NA,NA,NA,NA,SCTC/CoBank/Boeing/Freres Lumber/Zephyr Engineering/Parr Lumber/Oregon Department of Education/Mountain West Financial&Hotwire Robotics,Hotwire,97392,2009,Oregon,2990,http://hotwirerobotics.com,Houston,Houston,pnw
NA,Ashland,USA,NA,NA,frc3024,NA,NA,NA,NA,"Oregon Department of Education/Boeing Corp/Autodesk/Evogeneao/Project A/Modern Fan Co./Professional Engineers of Oregon/TC Chevy/Lithia Motors/Darex LLC/ESPI Metals/True South Solar/Society of Professional Engineers, Southern Oregon Chapter/Oregon Community Foundation/IBM Corp/RISK, Inc/Hosking Aviation/Stefanelli Distributing Company/Christina and Randall Murata/Barbara Rosen/Chris Gorog/Paul Mace/Jeff Nielsen/Jim Moen&Ashland High School",My Favorite Team,97520,2009,Oregon,3024,http://team3024.com,Houston,Houston,pnw
NA,Bremerton,USA,NA,NA,frc3049,NA,NA,NA,NA,Puget Sound Naval Shipyard/National Defense Education Program & Bremerton High School,BremerTron,98337,2009,Washington,3049,http://fluffyrobotics.info,Houston,Houston,pnw
NA,Seattle,USA,NA,NA,frc3070,NA,NA,NA,NA,The Boeing Company/SPEA/SRS Robotics /Team Pronto Parents/Electroimpact/Administration and Custodians of Shorewood High School/Shoreline Public Schools&Shorewood High School,Team Pronto,98133,2009,Washington,3070,http://teampronto.weebly.com/,Houston,Houston,pnw
NA,Gladstone,USA,NA,NA,frc3131,NA,NA,NA,NA,Oregon Dept of Education/Boeing/Intel Corporation/Daimler /Autodesk/Gladstone Education Foundation/FIRE Restoration/Ebay/Miller Electrics /SMI Metals/Ripwire/Rookie Rise/Nerds To Go/Holbrook's Specialties/Les Schwab Tires Milwaukie/Gladstone School Dist#115&Gladstone High School,Gladiators,97027,2010,Oregon,3131,http://www.gladstonerobotics.com,Houston,Houston,pnw
NA,Portland,USA,NA,NA,frc3192,NA,NA,NA,NA,Hardinge Foundation/Oregon Department of Education/Oregon Robotics Tournament and Outreach Program /LAM Research/Mentor Graphics/First Tech Credit Union&Tigard High School,High Visibility,97224,2010,Oregon,3192,https://tigard.tech,Houston,Houston,pnw
NA,Bonney Lake,USA,NA,NA,frc3218,NA,NA,NA,NA,The Boeing Company/OSPI Office of Superintendent of Public Instuction/Monsanto/Complete Access&Bonney Lake high school,Panther Robotics,98391,2010,Washington,3218,https://www.youtube.com/channel/UCv4791VCZYu2OfRrcrtAAvg,Houston,Houston,pnw
NA,Auburn,USA,NA,NA,frc3219,NA,NA,NA,NA,The Boeing Company/Office of Superintendent of Public Instruction/Auburn Public Schools Foundation/Aviation Partners Boeing/Muckleshoot Tribe/Benevity Foundation/Multicare/Gray Lumber/F5 Network/Auburn Park and Rec/Schweitzer Engineering Laboratory/SPEEA&Auburn Senior High School,TREAD,98002,2010,Washington,3219,http://auburnsd.schoolwires.net/Page/1526,Houston,Houston,pnw
NA,Spangle,USA,NA,NA,frc3220,NA,NA,NA,NA,OSPI/NASA & Liberty High School,Mechanics of Mayhem,99031,2010,Washington,3220,http://www.firstinspires.org/,Houston,Houston,pnw
NA,Silverdale,USA,NA,NA,frc3223,NA,NA,NA,NA,BAE Systems/Google/Raytheon/Microsoft/Central Kitsap School District/OSPI/McLaughlin Research Corporation/Department of Defense/Naval Undersea Warfare Center (NUWC) Keyport WA&Central Kitsap High School&Olympic High School&Klahowya Secondary,Robotics Of Central Kitsap,98383,2010,Washington,3223,http://www.ckschools.org/learning/athletics_activities/robotics_of_central_kitsap/,Houston,Houston,pnw
NA,Spanaway,USA,NA,NA,frc3237,NA,NA,NA,NA,The Boeing Company & Bethel High School & Bethel High School,Event Horizon,98387,2010,Washington,3237,http://www.firstinspires.org/,Houston,Houston,pnw
NA,Anacortes,USA,NA,NA,frc3238,NA,NA,NA,NA,"Marathon/Anacortes School District/Kiwanis Club of Anacortes (Noon)/Soroptimist International of Anacortes/T. Bailey, Inc./Washington State Office of Superintendent of Public Instruction/Anacortes Rotary Club/Curt Oppel, John L. Scott Real Estate&Anacortes High School",Cyborg Ferrets,98221,2010,Washington,3238,http://www.team3238.com,Houston,Houston,pnw
NA,Kenmore,USA,NA,NA,frc3268,NA,NA,NA,NA,Lockheed Martin/Northshore School District&Inglemoor Hs,Vahallabots,98028,2010,Washington,3268,http://valhallabots.weebly.com,Houston,Houston,pnw
NA,Puyallup ,USA,NA,NA,frc3393,NA,NA,NA,NA,OSPI/AJAC/The Boeing Company/PSD CTE&Puyallup High School&Aylen Jr High&Kalles Junior High,Horns of Havoc,98371,2010,Washington,3393,https://www.hornsofhavoc3393.com/,Houston,Houston,pnw
NA,Seattle,USA,NA,NA,frc3574,NA,NA,NA,NA,The Boeing Company/OSPI Grant/OMAX/SPEEA&Highline High School&4-H 3574 High Tekerz&Home School,HIGH TEKERZ,98148,2011,Washington,3574,http://www.first3574.org,Houston,Houston,pnw
NA,Renton,USA,NA,NA,frc3588,NA,NA,NA,NA,Precor Incorporated/The Boeing Company/Red Dot/Washington Machine Works/OSPI/RSD CTE & Lindbergh Senior High School,the Talon,98058,2011,Washington,3588,http://staff.rentonschools.us/lhs/first,Houston,Houston,pnw
NA,Tacoma,USA,NA,NA,frc360,NA,NA,NA,NA,The Boeing Company/Friends of Bellarmine Robotics/Islam Family Foundation/Tacoma Steel Supply/Google/Washington FIRST Robotics/Kel-Tech Plastics/The Rudolph Family/SPEEA Local 2001/The Ross Family/The Murphy Family/Clover Park Technical College/Boeing Employee Credit Union/Rotary of Clover Park/Bamford Foundation/Multicare/State Farm Insurance/Bertolino's Coffee Bar/AREVA Federal Services LLC&Bellarmine Preparatory School,The Revolution,98405,2000,Washington,360,http://www.frc360.com,Houston,Houston,pnw
NA,Portland,USA,NA,NA,frc3636,NA,NA,NA,NA,The Boeing Company/SPEEA/Irvington Community Association&Grant High School,Generals,97212,2011,Oregon,3636,http://www.GHSrobo.com,Houston,Houston,pnw
NA,Bothell,USA,NA,NA,frc3663,NA,NA,NA,NA,"The Boeing Company/The Mindy Group, LLC/Team Nelson Earthwork and Utilities/Electro Impact/Inside & Out Renovation, Inc./Philips/SPEEA/Precision Images/NW School Neuropyschology /Blazing Bagels&Cedar Park Christian Schools",CPR - Cedar Park Robotics,98011,2011,Washington,3663,http://www.cprobotics.org,Houston,Houston,pnw
NA,Seaside,USA,NA,NA,frc3673,NA,NA,NA,NA,"Oregon Department of Education/Boeing/Tom Briggs/Seaside Public Schools/Autodesk/3 Course Challenge/Coaster Construction, LLC/Sam's Seaside Cafe/Justine Hill/First Tech Credit Union/OmRon/Tripwire/Kenneth and Cathy Hyde/Brims Farm and Garden/Hoffman Construction/Philip Broome/Ace Hardware - Seaside&Seaside High School",C.Y.B.O.R.G. Seagulls,97138,2011,Oregon,3673,http://team3673.org,Houston,Houston,pnw
NA,Battle Ground,USA,NA,NA,frc3674,NA,NA,NA,NA,Boeing/US Digital/HP/OSPI / CAM Academy/Olin Homes/Superior Home Inspection /Gazelles International Coaches/Epp Well Solutions & Cam Jr Sr High School & Family/Community,CloverBots,98604,2011,Washington,3674,https://www.3674cloverbots.com/,Houston,Houston,pnw
NA,Seattle,USA,NA,NA,frc3681,NA,NA,NA,NA,Raytheon/F5 Networks/OSPI/Nathan Hale Foundation/SPEEA & Nathan Hale High School,Robo-Raiders,98125,2011,Washington,3681,http://www.firstinspires.org/,Houston,Houston,pnw
NA,Seattle,USA,NA,NA,frc3684,NA,NA,NA,NA,The Boeing Company/Google/Microsoft Corporation&Cleveland High School,Electric Eagles,98108,2011,Washington,3684,http://www.firstinspires.org/,Houston,Houston,pnw
NA,Spokane,USA,NA,NA,frc3693,NA,NA,NA,NA,Cody Singer Inc./Costco in the Spokane Valley/First Robotics/Autodesk/Greenburo Screen Printing/Ace Hardware Hillyard&Rogers High School,GearHead Pirates,99207,2011,Washington,3693,http://www.firstinspires.org/,Houston,Houston,pnw
NA,Trout Lake,USA,NA,NA,frc3711,NA,NA,NA,NA,Nelson Brothers Engineering/Little Mountain Hardware/Terry Schmid Gravel/JoeScan/OSPI/The Boeing Company/Google/Microsoft/Tum A Lum Lumber/ICE/Show and Go Studes/Ed Poe Agency&Trout Lake School,Iron Mustang,98650,2011,Washington,3711,http://www.firstinspires.org/,Houston,Houston,pnw
NA,Union,USA,NA,NA,frc3712,NA,NA,NA,NA,Union School District/Black Distributing/Oregon Masons/Union Lions Club/GRV Lodge #56/VFW Post 4060&Union High School,RoboCats,97883,2011,Oregon,3712,http://www.firstinspires.org/,Houston,Houston,pnw
NA,Kent,USA,NA,NA,frc3786,NA,NA,NA,NA,The Boeing Company/Amazon/Kentridge High School/Blue Origin/Hexcel Corporation&Kentridge High School,Chargers,98031,2011,Washington,3786,http://chargerrobotics.com,Houston,Houston,pnw
NA,Longview,USA,NA,NA,frc3812,NA,NA,NA,NA,Weyerhaeuser/Boeing/OSPI/BNSF Railway/Kennworth PACCAR/BAE Systems/NW Institute of Electrical Technology/iSG2 Technologies/JH Kelly/Central Oregon Truck Company&Mark Morris High School,Bits & Bots,98632,2011,Washington,3812,http://bitsbots3812.wixsite.com/team3812,Houston,Houston,pnw
NA,Sequim,USA,NA,NA,frc3826,NA,NA,NA,NA,Sequim School District/OSPI/Boeing/Sodexo&Sequim Senior High,"Sequim Robotics Federation ""SRF"" ",98382,2011,Washington,3826,http://sequimroboticsfederation.weebly.com/,Houston,Houston,pnw
NA,Mabton,USA,NA,NA,frc3876,NA,NA,NA,NA,Bezos Family Foundation/PTC & Mabton Jr. Sr. High,Mabton LugNutz,98935,2011,Washington,3876,http://www.firstinspires.org/,Houston,Houston,pnw
NA,McMinnville,USA,NA,NA,frc4043,NA,NA,NA,NA,"Yamhill County/Oregon International Airshow/Mentor Graphics/Evergreen Aviation and Space Museum/Oregon Department of Education/OnPoint Community Credit Union/Fastenal/Autodesk/Goodfellow & Cottle, Attorneys at law&Family/Community",NerdHerd,97128,2012,Oregon,4043,http://www.nerdherd4043.org,Houston,Houston,pnw
NA,Portland,USA,NA,NA,frc4051,NA,NA,NA,NA,"Intel corperation/SPEEA, IFPTE Local 2001/Boeing Co./Blount/Les Schwab tire/Oregon massage and wellness clinic&Sabin-Schellenberg Center",Sabin-Sharks,97267,2012,Oregon,4051,http://Sabin-Sharks.com,Houston,Houston,pnw
NA,Klamath Falls,USA,NA,NA,frc4057,NA,NA,NA,NA,EagleRidge High School/Klamath Basin Robotics/Oregon Department of Education/Klamath Community College/OIT/Dreyer Insurance Agency/Northwest Farm Credit Services/Collaborative Communication Group/THE DAILY TRANSCRIPT/Benefit For the Basin/Bullet Rentals/Fenters Trucking&Klamath Basin Robotics,Klamath Basin Robotics - STEAMPUNK ,97601,2012,Oregon,4057,http://klamathbasinrobotics.com,Houston,Houston,pnw
NA,Chehalis,USA,NA,NA,frc4060,NA,NA,NA,NA,Chehalis Foundation/Boeing/OSPI Washington/SPEEA&W F West High School,Bearcat Robotics,98532,2012,Washington,4060,http://swag4060.org,Houston,Houston,pnw
NA,Pullman,USA,NA,NA,frc4061,NA,NA,NA,NA,Schweitzer Engineering Laboratories/Inland Power and Light/OSPI/Boeing/Bezos Family Foundation/Avista/First Tech Credit Union&4H P.A.R.T.,SciBorgs,99163,2012,Washington,4061,http://sciborgs4061.com/,Houston,Houston,pnw
NA,Duvall,USA,NA,NA,frc4089,NA,NA,NA,NA,The Boeing Company/Microsoft/Washington State OSPI/SPEEA FPTE Local 2001/FIRST Washington/Solidworks&Cedarcrest High School,Stealth Robotics,98019,2012,Washington,4089,http://www.firstinspires.org/,Houston,Houston,pnw
NA,Cheney,USA,NA,NA,frc4104,NA,NA,NA,NA,Bezos Family Foundation/F5 Networks/First Tech Credit Union/Google/Intellectual Ventures/U.S. Bank Foundation/OSPI&Cheney High School,Blackhawks,99004,2012,Washington,4104,http://www.firstinspires.org/,Houston,Houston,pnw
NA,Brookings,USA,NA,NA,frc4110,NA,NA,NA,NA,Oregon Department of Education-ORTOP/Boeing/Autodesk/First Tech Federal Credit Union/DWFritz Precision Automation/In Memory of Josh Fisher/Pacific Ocean Properties/Northrop Grumman/BC Fisheries LLC/Fastenal&Brookings-Harbor High School,DEEP SPACE NINERS,97415,2012,Oregon,4110,http://www.bhhsrobotics4110.com/,Houston,Houston,pnw
NA,Umatilla,USA,NA,NA,frc4125,NA,NA,NA,NA,Umatilla School District/21st Century Community Learning Center/State of Oregon/Umatilla Lion's Club/Chuckwagon Cafe/Carlson's Umatilla Drug/Umatilla Police Department/Umatilla Fire Department/Autodesk&Umatilla High School,Confidential,97882,2012,Oregon,4125,http://www.umatillarobotics.org,Houston,Houston,pnw
NA,Vernonia,USA,NA,NA,frc4127,NA,NA,NA,NA,Vernonia Education Foundation/Daimler/Production Parts Co/Ajax Machine/Randal and Jack Harvey/Photo Solutions/Vernonia Schools/PNW FIRST&Vernonia High School&Vernonia Middle School,LoggerBots,97064,2012,Oregon,4127,http://www.facebook.com/loggerbotsteam4127,Houston,Houston,pnw
NA,Renton,USA,NA,NA,frc4131,NA,NA,NA,NA,The Boeing Company/Issaquah Schools Foundation&Liberty Sr High School,Iron Patriots,98059,2012,Washington,4131,http://www.frc4131.org,Houston,Houston,pnw
NA,Mount Vernon,USA,NA,NA,frc4173,NA,NA,NA,NA,MVSD Public Schools Foundation/OSPI/Affordable 4 R's Construction/Andeavor/Washington State Patrol Troopers Association/NASA/jcpenney/Puget Sound Energy Foundation/H & R Block/Pacific Woodtech/Shell Oil/Tesoro Corp./NVIDIA/Skagit Community Foundation/Stillaguamish Tribes/Anonymous/SeaMar Clincs & Mount Vernon High School, IMVERT (Interscholastic Mount Vernon Engineering Robotics Team),98273,2012,Washington,4173,http://www.imvert.net,Houston,Houston,pnw
NA,Seattle,USA,NA,NA,frc4180,NA,NA,NA,NA,Google/Boeing/HCDE at UW/SPEEA/PwC&Roosevelt High School,Iron Riders,98115,2012,Washington,4180,http://IronRiders.org,Houston,Houston,pnw
NA,Sedro Woolley,USA,NA,NA,frc4205,NA,NA,NA,NA,The Boeing Company/OSPI/Janicki Industries/Xerox/Society of Professional Engineering Employees in Aerospace/Skagit Valley Community Foundation/Andeavor/Resolve Enterprises/Pinnacle Marine Services/SOLIDWORKS/E & E Lumber Inc./Pacific Rim Tonewoods&Sedro Woolley Senior High School,ROBOCUBS,98284,2012,Washington,4205,http://www.firstinspires.org/,Houston,Houston,pnw
NA,Snohomish,USA,NA,NA,frc4309,NA,NA,NA,NA,Boeing/Microsoft/De-el Enterprises /Affinity West/Loggers and Contractors Supply Company/Solidworks/Alpha and Omega Electric&Byte By Byte 4-H Tech Club,4-H Botsmiths,98290,2012,Washington,4309,http://www.botsmiths.org,Houston,Houston,pnw
NA,Olympia,USA,NA,NA,frc4450,NA,NA,NA,NA,"The Community Foundation of South Puget Sound/Washington State Office of Superintendent of Public Education/Olympia School District/Plastics Extrusion Machinery/Boeing/Diamond Technology Innovations/H2OJet, Inc./Obee Credit Union/FastSigns, Inc./Christopher Cook/Google/Capital Industrial, Inc/Kiwanis International/Amazon/SPEEA/SCJ alliance/Olympia School District Education Foundation/Solidworks&Capital High School&Avanti High School&Olympia High School",Olympia Robotics Federation,98501,2013,Washington,4450,http://orf4450.org,Houston,Houston,pnw
NA,Des Moines,USA,NA,NA,frc4461,NA,NA,NA,NA,Boeing/Inspirus Credit Union/Google/Spotlight Financial&Mount Rainier High School,Ramen,98198,2013,Washington,4461,https://frc4461.github.io/,Houston,Houston,pnw
NA,Federal Way,USA,NA,NA,frc4469,NA,NA,NA,NA,Alaska/Boeing/Thomas Jefferson High School/F5 Networks/TJ Raider Parent Movement/OSPI/Andeavor/SPEEA/Jimmy Mac's/Multicare&Thomas Jefferson High School,R.A.I.D. (Raider Artificial Intelligence DIvision),98003,2013,Washington,4469,https://raidrobotics.org,Houston,Houston,pnw
NA,Hillsboro,USA,NA,NA,frc4488,NA,NA,NA,NA,Lam Research/Intel Corp/Hillsboro School District/Boeing Corporation/Hillsboro Optimists/ASML/Synopsys Inc/Arch Global Precision/Davis Tool/Mozilla Firefox/Oregon Department of Education/Tolls Family/First Tech  &Glencoe High School,Shockwave,97124,2013,Oregon,4488,http://glencoerobotics.com/,Houston,Houston,pnw
NA,Everett,USA,NA,NA,frc4512,NA,NA,NA,NA,"Boeing/OSPI/Everett School District/Bruin Community Parents/University Mechanical Contractors, Inc./Crane Aerospace & Electronics/SPEEA/Barclay Dean/Safeway/Albertsons&Cascade High School",Otter Chaos,98203,2013,Washington,4512,http://www.everett.k12.wa.us/cascade/roboticsclub/Home,Houston,Houston,pnw
NA,Medical Lake,USA,NA,NA,frc4513,NA,NA,NA,NA,Washington State OSPI/DODEA/DODEA STEM/Boeing/FIRST Washington/Bixby Machine Tool Supply/Pizza Factory/American Steel Corporation/2nd BioScience/LinkSense/Medical Lake Dollars for Scholars/Medical Lake School District/West Plains Angels&Medical Lake High School,Circuit Breakers,99022,2013,Washington,4513,http://www.medicallakerobotics.com,Houston,Houston,pnw
NA,Federal Way,USA,NA,NA,frc4579,NA,NA,NA,NA,Washington FIRST Robotics & Federal Way Senior High School,RoboEagles,98003,2013,Washington,4579,http://www.firstinspires.org/,Houston,Houston,pnw
NA,Scappoose,USA,NA,NA,frc4662,NA,NA,NA,NA,Boeing/Autodesk/Oregon Manufacturing Invovation Center R&D (OMIC)/Alaska Airlines/Tektronix/FIRST Washington/Letica&Scappoose High School,Byte Sized Robotics,97056,2013,Oregon,4662,https://sites.google.com/view/bytesized4662/home,Houston,Houston,pnw
NA,Everett,USA,NA,NA,frc4681,NA,NA,NA,NA,The Boeing Company & Archbishop Murphy High School,Murphy's law,98208,2013,Washington,4681,http://www.firstinspires.org/,Houston,Houston,pnw
NA,Seattle,USA,NA,NA,frc4682,NA,NA,NA,NA,"Bishop Blanchet High School, Boeing, Microsoft&Bishop Blanchet High School",BraveBots,98103,2013,Washington,4682,http://teambravebots.com/,Houston,Houston,pnw
NA,Marysville ,USA,NA,NA,frc4683,NA,NA,NA,NA,The Boeing Company & Lakewood High School,Full Metal Robotics,98271,2013,Washington,4683,http://www.firstinspires.org/,Houston,Houston,pnw
NA,Toutle,USA,NA,NA,frc4692,NA,NA,NA,NA,OSPI/Weyerhaeuser/Toutle Lake School Dist./Bezos Family Foundation/Waite Speciality Machine/Applied Industrial Technologies/Google /Washington First/Mondial Group/First Tech Credit Union &Toutle Lake High School,Metal Mallards,98649,2013,Washington,4692,http://www.firstinspires.org/,Houston,Houston,pnw
NA,Asotin,USA,NA,NA,frc4726,NA,NA,NA,NA,OSPI/Google/Bezos Foundation&Asotin Jr Sr High,Robo Dynasty,99402,2013,Washington,4726,http://www.aasd.wednet.edu/site/Default.aspx?PageID=617,Houston,Houston,pnw
NA,Seattle,USA,NA,NA,frc488,NA,NA,NA,NA,Microsoft/The Boeing Company/Rainier Valley Rotary Club/OSPI/SPEEA & Xbot Robotics & Franklin High School,Team XBot,98144,2000,Washington,488,http://www.teamxbot.org,Houston,Houston,pnw
NA,Seattle,USA,NA,NA,frc4911,NA,NA,NA,NA,Microsoft/Electroimpact/Boeing/Ward Phillips/Romac Industries/Intellectual Ventures/Andeavor/First Tech Credit Union/First Mark Insurance&King's Schools,CyberKnights,98133,2014,Washington,4911,http://cyberknights4911.com/,Houston,Houston,pnw
NA,Bainbridge Island,USA,NA,NA,frc4915,NA,NA,NA,NA,Boeing/Bainbridge Schools Foundation/Office of Superintendent of Public Instruction/Xerox/Microsoft/Google/Bainbridge Island School District&Bainbridge High School,Spartronics,98110,2014,Washington,4915,http://spartronics4915.com/,Houston,Houston,pnw
NA,Port Townsend,USA,NA,NA,frc4918,NA,NA,NA,NA,"Jefferson County 4-H/Washington State OSPI/The Boeing Company/Leidos/Edensaw Woods, LTD/Washington FIRST Robotics/Allen Brown Steam Foundation/Intellectual Ventures/Andeaver/Lee's Les Schwab/Jefferson Healthcare/Turning Point Design/Peninsula Flooring/Port Townsend Foundry&Port Townsend High School&Chimacum High School",The Roboctopi,98368,2014,Washington,4918,https://frc4918.github.io/webpage/,Houston,Houston,pnw
NA,Bellevue,USA,NA,NA,frc492,NA,NA,NA,NA,Washington Office of Superintendent of Public Instruction/Perpetual Technologies/The Boeing Company/Microsoft/SeaTec/The Long Family/Bellevue Schools Foundation/Bellevue Rotary/First Tech Credit Union/Intellectural Ventures/Marathon Oil/Andeavor/Families and Friends of TRC&International School,Titan Robotics Club,98005,2001,Washington,492,http://www.titanrobotics.com/,Houston,Houston,pnw
NA,Kettle Falls,USA,NA,NA,frc4980,NA,NA,NA,NA,Bezos Family Foundation/Colmac Industries/Boise Cascade/Roger Wagner - Hyperduino/Hewes Craft/Hachisoft Corporation/Colville Auto Repair/Avista/Columbia Cedar/John Ochs & Steve Cox Foundation/Bev & Laramie Edwards/Jerry & Nancy Stafford/Moss Trucking - Engraving/Joel Greene - Campbell Scientific & Kettle Falls High School,Canine Crusaders,99141,2014,Washington,4980,http://www.4980robotics.com,Houston,Houston,pnw
NA,Blachly,USA,NA,NA,frc5085,NA,NA,NA,NA,Daimler Trucks North America/Oregon Department of Education/Maverick Hardware/Automated TEK Systems/Pacific Ag Systems/Eagle Vaneer/Coca-Cola/Ambient IT Solutions/EKOCYCLE/Coyote Steel/Multicraft Plastics/Intel/Shelton Turnbull Printing/Caddy McKeown/Barncraft/Hearing Associates/Harbor Freight/Ickle Company/Little Lake Logging & Construction/New Legacy Woodcraft/NASA/Carl Shepherd Consulting & Triangle Lake Charter School,LakerBots,97412,2014,Oregon,5085,http://lakerbots5085.com,Houston,Houston,pnw
NA,Grants Pass,USA,NA,NA,frc5198,NA,NA,NA,NA,NASA & North Valley High School,Knight Tech,97526,2014,Oregon,5198,http://www.firstinspires.org/,Houston,Houston,pnw
NA,Shelton,USA,NA,NA,frc5295,NA,NA,NA,NA,Shelton School District/OSPI/The Community Foundation of South Puget Sound/Harstine Island Community/FIRST Washington/Onshape/FASTENAL/Hood to Coast/Pro-Build/Taylor Shellfish Farms&Shelton High School&Oakland Bay Junior High School,Aldernating Current,98584,2014,Washington,5295,http://frcteam5295aldernatingcurrent.blogspot.com/,Houston,Houston,pnw
NA,Saint Helens,USA,NA,NA,frc5450,NA,NA,NA,NA,Boeing/Lower Columbia Engineering/Puppet Software/St. Helens Pediatric Dentistry&St Helens High School,SHREC - St. Helens Robotics and Engineering Club,97051,2015,Oregon,5450,http://www.firstinspires.org/,Houston,Houston,pnw
NA,Bend,USA,NA,NA,frc5468,NA,NA,NA,NA,AutoDesk/Lonza/Al Graff and Martie Helmreich/Oregon Department of Education/Brooks Resources/Lisa Bertalan LLP/Streamline Solar/Outback Manufacturing/Sunwest Builders/CBT Nuggets/Van Valkenburg Design/Commercial Powder Coating/Miller Lumber/Green Loop IT Solutions/Tend.AI/Duane Stevens/First Tech Credit Union/Dave Robinson Architects/The Bently Family&Summit High School,Chaos Theory,97703,2015,Oregon,5468,http://summitrobotics.com,Houston,Houston,pnw
NA,Seattle,USA,NA,NA,frc5588,NA,NA,NA,NA,Boeing/Solidworks/Holy Names Academy&Holy Names Academy,Reign Robotics,98112,2015,Washington,5588,http://www.5588reign.com/,Houston,Houston,pnw
NA,Anchorage,USA,NA,NA,frc568,NA,NA,NA,NA,BP/JEDC/ASD C&TE/UAA College of Engineering/Schwartz/Alaska Airlines/International Society of Automation/Washington FIRST&Dimond High School&East High School&Bartlett High School&Steller Secondary School&Polaris K-12 School&Eagle River High School&Service High School,Nerds of the North,99502,2001,Alaska,568,http://frc568.akfirstrobotics.org/,Houston,Houston,pnw
NA,Auburn,USA,NA,NA,frc5683,NA,NA,NA,NA,The Boeing Company/SPEEA&Auburn Riverside High School,Hello World,98002,2015,Washington,5683,http://www.firstinspires.org/,Houston,Houston,pnw
NA,Adna,USA,NA,NA,frc5748,NA,NA,NA,NA,"Microsoft/RobotExtrusions.com/U.S. FIRST/Office of Superintendent of Public Instruction/Dr. Peter C. Wagner, DMD/Wilco Agronomy Center/Adna School District/Two Chicks Bakery & Brewing/FIRST Washington/Lyden Jeffers/L & E Bottling & Adna Middle/High School",Adna Pirate Robotics,98522,2015,Washington,5748,http://Search Adna Pirate Robotics on Facebook,Houston,Houston,pnw
NA,Seattle,USA,NA,NA,frc5803,NA,NA,NA,NA,The Boeing Company/Emerald Fire/Microsoft/Oak Harbor Freight Lines/The Beppu Family/The Hoag Family/Andeavor/Washington FIRST Robotics/Prism Graphics/Van Houten Photography/Valley Children's Clinic/McKay Wealth Management/C4 Labs/The Stebbins Family/First Tech Credit Union/The Kleeberger Family/Max Technologies/Keller Williams Southern Nevada/Blossom & Gene VanHouten/Friends and Family of Apex Robotics & Seattle Christian School,Apex Robotics,98188,2016,Washington,5803,http://www.apexfrc.com,Houston,Houston,pnw
NA,Kirkland,USA,NA,NA,frc5827,NA,NA,NA,NA,LWHS PTSA/WA First/OSPI WA/Microsoft/Alaska Airlines/F5 Networks/Boeing/First Tech Credit Union/Intellectual Ventures/Elite Accounting and Financial Services INC./Donuts Inc.&Lake Washington High School,Code Purple,98033,2016,Washington,5827,http://codepurple5827.com,Houston,Houston,pnw
NA,Palouse,USA,NA,NA,frc5920,NA,NA,NA,NA,FFA/Washington FIRST Robotics/Hagan Foundation/Office Superintendent of Public Instruction/Schweitzer Engineering Labratories&Palouse High School&Garfield at Palouse High School,VIKotics,99161,2016,Washington,5920,http://www.garpal.net,Houston,Houston,pnw
NA,Mercer Island,USA,NA,NA,frc5937,NA,NA,NA,NA,Google/Microsoft/Pagliacci Pizza/Mercer Island Robotics Parent Group/Mercer Island Schools Foundation/Mercer Island School District & Mercer Island High School,MI-Robotics,98040,2016,Washington,5937,http://www.mercerislandschools.org/domain/1603,Houston,Houston,pnw
NA,Beaverton,USA,NA,NA,frc5970,NA,NA,NA,NA,"Oregon Department of Educaiton/Autodesk/DW Fritz/First Tech Credit Union/LAM/Tektronix/IRC Aluminum/Bridge City Steel/Thermo Fisher Scientific/Offshore Milling Services, Inc./Oregon Bolt, Inc./BPS Robotics/SMC Corporation/Koeber's/Applied Industrial Technologies/Solemate Socks/PrintSync/Temper Technical Marketing&Beaverton High School",BeaverTronics,97005,2016,Oregon,5970,https://beavertronics5970.wixsite.com/bhs-robotics,Houston,Houston,pnw
NA,Portland,USA,NA,NA,frc5975,NA,NA,NA,NA,Puppet Labs/Tripwire/First Tech Credit Union/NASA/Boeing /Reiersgaard/K Barrier&St Marys Academy,Beta Blues,97201,2016,Oregon,5975,http://www.firstinspires.org/,Houston,Houston,pnw
NA,Portland,USA,NA,NA,frc5977,NA,NA,NA,NA,V&B Philanthropy&Rosemary Anderson High School/POIC,Rosemary Rebels,97217,2016,Oregon,5977,http://www.portlandoic.org,Houston,Houston,pnw
NA,Northport,USA,NA,NA,frc6076,NA,NA,NA,NA,Northport High School,Mustang Mechanica,99157,2016,Washington,6076,http://www.northportschools.org,Houston,Houston,pnw
NA,Spokane,USA,NA,NA,frc6129,NA,NA,NA,NA,"SkyOne Aerospace, Greenburo T-Shirt Shop/OSPI/Spokane School District/FIRST WA&Shadle Park High School","Warp Speed, Scotty !",99208,2016,Washington,6129,http://www.firstinspires.org/,Houston,Houston,pnw
NA,Ridgefield,USA,NA,NA,frc6343,NA,NA,NA,NA,OSPI/Boeing/Holbrook Concrete Construction/Kong Coolers/Andeavor/Applied Motion Systems/USNR/Intellectual Ventures/Tektronix/Holter Family/Stryker Family/Boer Family/Ridgefield School District&Ridgefield High School,Steel Ridge Robotics,98642,2017,Washington,6343,https://steelridge6343.com,Houston,Houston,pnw
NA,Enumclaw,USA,NA,NA,frc6350,NA,NA,NA,NA,Boeing/Parker - Helac/Microsoft&Enumclaw Sr High School,Clawbots,98022,2017,Washington,6350,https://sites.google.com/site/ehsr6350/,Houston,Houston,pnw
NA,Pendleton,USA,NA,NA,frc6442,NA,NA,NA,NA,"NASA/Buckaroo Booster Club/ALTRUSA International Pendleton, OR/Cayuse Technologies/Gordon's Electric/Kirby Nagelhout Construction Company/Pendleton Underground Tours/Pendleton Rotary Club/Sno Road Winery/Vision Source Pendleton/Wheatland Insurance/Historic Meacham Hotel & Retreat Center/Bottom Line Results/The Turquoise Arrow&Pendleton High School",Modern Americans,97801,2017,Oregon,6442,https://modernamericans6442.wordpress.com/,Houston,Houston,pnw
NA,Hillsboro,USA,NA,NA,frc6443,NA,NA,NA,NA,Edwards Vacuum/Black Label Metal/Howard S Wright/Hillsboro Optimist Club/Autodesk/Puppet/Tripwire/Teco Technology/Nike/Intel/Hillsboro School District&Liberty High School,AEMBOT,97124,2017,Oregon,6443,http://www.aembot.com,Houston,Houston,pnw
NA,Salem,USA,NA,NA,frc6445,NA,NA,NA,NA,"Salem Electric/CUI Global, Inc./Elemental/Tiny Mountain Houses/Creekside Rotary/Vista Masonic Lodge/Capital City Appliance/Dennis' Boat Shop/Career Technical Education Center - Salem-Keizer Public Schools&Career and Technical Education Center (CTEC)",CTEC Robotics,97301,2017,Oregon,6445,NA,Houston,Houston,pnw
NA,Bend,USA,NA,NA,frc6465,NA,NA,NA,NA,Subaru of Bend/Autodesk/Boeing/Jackson's Corner/Cascade Insulation/The Wonderful Company/First Tech Federal Credit Union/Lonza Pharma & Biotech/Hooker Creek/ASI Wealth Management/Tumalo Express/Knife River/Brix Law&Cascades Academy of Central Oregon,Mystic Biscuit,97703,2017,Oregon,6465,https://www.instagram.com/real_mystic_biscuit,Houston,Houston,pnw
NA,Seattle,USA,NA,NA,frc6503,NA,NA,NA,NA,Seattle World School,Iron Dragon,98122,2017,Washington,6503,NA,Houston,Houston,pnw
NA,Corbett,USA,NA,NA,frc6696,NA,NA,NA,NA,Autodesk/Boeing/Tektronix/M & X Construction/Microchip & Corbett School,Cardinal Dynamics,97019,2017,Oregon,6696,https://corbett.k12.or.us/robotics/,Houston,Houston,pnw
NA,Hood River,USA,NA,NA,frc6831,NA,NA,NA,NA,Google/Insitu&Hood River Valley High School&Hood River Valley High School, A-05 Annex,97031,2018,Oregon,6831,http://a05annex.org,Houston,Houston,pnw
NA,Astoria,USA,NA,NA,frc6845,NA,NA,NA,NA,Hampton Lumber/Fastenal/NASA/Oregon Dept of Education&Astoria Senior High School,River Bots,97103,2018,Oregon,6845,http://riverbots.com,Houston,Houston,pnw
NA,Centralia,USA,NA,NA,frc6959,NA,NA,NA,NA,Centralia High School,Organized Chaos,98531,2018,Washington,6959,https://www.centralia.k12.wa.us/site/Default.aspx?PageID=3675,Houston,Houston,pnw
NA,La Pine,USA,NA,NA,frc7032,NA,NA,NA,NA,Lapine Senior High School,Raptors,97739,2018,Oregon,7032,NA,Houston,Houston,pnw
NA,West Linn,USA,NA,NA,frc7034,NA,NA,NA,NA,West Linn High School,2B Determined,97068,2018,Oregon,7034,NA,Houston,Houston,pnw
NA,Shoreline,USA,NA,NA,frc7118,NA,NA,NA,NA,Shorecrest High School,ScotBots,98155,2018,Washington,7118,NA,Houston,Houston,pnw
NA,Prospect,USA,NA,NA,frc7204,NA,NA,NA,NA,Prospect Charter School,Freedom Gliders,97536,2018,Oregon,7204,NA,Houston,Houston,pnw
NA,Adair Village,USA,NA,NA,frc7448,NA,NA,NA,NA,Santiam Christian School,S.C. Robotics,97330,2019,Oregon,7448,NA,Houston,Houston,pnw
NA,Redmond,USA,NA,NA,frc7461,NA,NA,NA,NA,The Boeing Company/Black Lodge Research/Google/Bluetooth Special Interest Group/Microsoft/Andeavor/Alaska Airlines/FIRST Washington/Loder Instrument Company/Archimedes School of Creative Thinking/XBOT robotics/NRG Team 948&Team 7461 Robotics,Binary Circles,98053,2019,Washington,7461,http://binarycircles.github.io,Houston,Houston,pnw
NA,Tukwila,USA,NA,NA,frc7493,NA,NA,NA,NA,Aviation High School,Phoenix Force Robotics,98108,2019,Washington,7493,http://PhoenixForceRobotics.com,Houston,Houston,pnw
NA,Bend,USA,NA,NA,frc753,NA,NA,NA,NA,Bend Research/Oregon Dept of Education&Mountain View Senior High School,High Desert Droids,97701,2002,Oregon,753,http://www.team753.org/,Houston,Houston,pnw
NA,Monroe,USA,NA,NA,frc7627,NA,NA,NA,NA,Amazon&Monroe High School,Descendants of G.O.R.T.,98272,2019,Washington,7627,NA,Houston,Houston,pnw
NA,Grandview,USA,NA,NA,frc7696,NA,NA,NA,NA,Grandview High School,Gear Hounds ,98930,2019,Washington,7696,NA,Houston,Houston,pnw
NA,Okanogan,USA,NA,NA,frc7776,NA,NA,NA,NA,"Murdock-/Bezos Family/Timber Quest Construction/Oxarc/Lisa Baum/Google /Libby & Mac Mcdonald/Alpine Veterinary/Miller & Chase, PLLC/Reinbold & Gardner, PLLC/VIP Insurance, Brewster/Home Town Pizza/C & V Univeral Auto INC/Danny & Elaine Shiflett/Omak Grocery Outlet/Okanogan Truck & Tractor/D & D Auto Body Repair/Home Depot/IGA Grocery /Casos Grocery/OK Drywall & Paint LLC/Ronald L Heath, CPS/Don Kruse Electric&4H",MVR,98840,2019,Washington,7776,NA,Houston,Houston,pnw
NA,Omak,USA,NA,NA,frc7803,NA,NA,NA,NA,Okanogan-Omak Rotary Club/Don Kruze Electric/Copper Road Storage/Holder Family/Oxarc/Genes Harvest Foods&Omak High School,Pioneer Robotics,98841,2019,Washington,7803,https://www.omakpioneerrobotics.org,Houston,Houston,pnw
NA,Portland,USA,NA,NA,frc7819,NA,NA,NA,NA,Oregon Episcopal School,Automataardvarks,97223,2019,Oregon,7819,NA,Houston,Houston,pnw
NA,Philomath,USA,NA,NA,frc847,NA,NA,NA,NA,Oregon Department of Education/HP/Tripwire/IBEW Local 280/Autodesk/Bonneville Power/Marathon Oil/Paul and Stefanie Dickey&Philomath High School,PHRED,97370,2002,Oregon,847,http://www.team847.com,Houston,Houston,pnw
NA,Bellevue,USA,NA,NA,frc948,NA,NA,NA,NA,The Boeing Company/HCl/Microsoft/Google/Bellevue Schools Foundation&Newport Senior High School,NRG (Newport Robotics Group),98006,2002,Washington,948,http://www.nrg948.com,Houston,Houston,pnw
NA,Bellevue,USA,NA,NA,frc949,NA,NA,NA,NA,OSPI/NASA&Bellevue High School,Wolverine Robotics,98004,2002,Washington,949,http://wolverinerobotics949.com/,Houston,Houston,pnw
NA,Corvallis,USA,NA,NA,frc955,NA,NA,NA,NA,Boeing/Bosch/Solidworks/Oregon Department of Education/HP/Corvallis School District/First Tech Credit Union/Accurate Technology Inc/Corvallis Elks Lodge #1413/Hytek Plastics&Crescent Valley High School,CV Robotics,97330,2002,Oregon,955,http://www.cv955.com,Houston,Houston,pnw
NA,Albany,USA,NA,NA,frc957,NA,NA,NA,NA,"Viper Northwest/Lepman Properties/Oregon Department of Education/Rotary Club of Greater Albany/Rite Way Electric, Inc./HP Inc./ECD/Albany Public Schools Foundation/First Tech Federal Credit Union/National Frozen Foods/IBEW Local 280/No Dinx/Altrusa International of Albany/Farmland Tractor Supply/OFD Foods/AVUM/Tripwire/Albany AAUW/NORVAC Electronic Parts/Southpaw's Perfect Pizza&West Albany High School&South Albany High School&Oregon Connections Academy",SWARM,97321,2002,Oregon,957,http://www.team957.com,Houston,Houston,pnw
NA,Corvallis,USA,NA,NA,frc997,NA,NA,NA,NA,H P inc/Oregon Department of Education/Autodesk/Tripwire/Knight Design/Marathon Oil/Microsoft/Maxim Integrated Inc/Corvallis High School/Royal T Manufacturing/STH Machining/Best in The West Events/Cycle Oregon/SolidWorks/AutoZone&Corvallis High School,Spartan Robotics,97330,2002,Oregon,997,http://www.chsrobotics.org,Houston,Houston,pnw
NA,Las Cruces,USA,NA,NA,frc1164,NA,NA,NA,NA,NASA/Boeing&Arrowhead Park Early College High School,Project NEO,88005,2003,New Mexico,1164,http://www.projectneo.net,Houston,Houston,tx
NA,League City,USA,NA,NA,frc118,NA,NA,NA,NA,NASA/NASA-JSC & Clear Creek H S,Robonauts,77573,1997,Texas,118,http://www.robonauts.org,Houston,Houston,tx
NA,Baytown,USA,NA,NA,frc1255,NA,NA,NA,NA,Goose Creek CISD/Exxon/Covestro/ACE Industry/Puzzometry/re:3D&Lee H S&Sterling H S&Goose Creek Memorial&Impact Early College H S,Blarglefish,77520,2004,Texas,1255,http://1255blarglefish.weebly.com/,Houston,Houston,tx
NA,Rockwall,USA,NA,NA,frc1296,NA,NA,NA,NA,"Innovation First International, Inc/Best Buy/Rockwall Ford/Special Products and Manufacturing/Rockwall Makerspace/The PTR Group/Texas Workforce Commission&Rockwall H S",Full Metal Jackets,75087,2004,Texas,1296,http://www.rockwallrobotics.com,Houston,Houston,tx
NA,Conroe,USA,NA,NA,frc1477,NA,NA,NA,NA,Halliburton/Anadarko/Baker Hughes/Conroe ISD/Texas Workforce Commission/FIRST in Texas/HP/NEMA Enclosures/DS SolidWorks/Laird Plastics/GE/Merrill-Lynch/Keith & Lauren Schilling/BQS/Crow Corp/Purpleheart Armory/Woodlands Robotics&College Park H S,Texas Torque,77384,2004,Texas,1477,http://www.texastorque.org,Houston,Houston,tx
NA,Greenville,USA,NA,NA,frc148,NA,NA,NA,NA,Innovation First International/L3 Aerospace Systems/Texas Workforce Commission&Greenville H S,Robowranglers,75402,1992,Texas,148,http://www.robowranglers148.com/,Houston,Houston,tx
NA,Richardson,USA,NA,NA,frc1745,NA,NA,NA,NA,The Boeing Company/Dell/Texas Workforce Commission/Southwest Airlines/Texas Instruments/Richardson Independent School District/The University of Texas at Dallas&Pearce H S,The P-51 Mustangs,75080,2006,Texas,1745,http://www.pearcerobotics.com,Houston,Houston,tx
NA,Lubbock,USA,NA,NA,frc1817,NA,NA,NA,NA,CMS Properties/Texas Tech University/Bezos Family Foundation/Texas Workforce Commission/Altice&Lubbock H S&Coronado H S&Lubbock-Cooper High School&Margaret Talkington School for Young Women Leaders,Llano Estacado RoboRaiders,79409,2006,Texas,1817,http://www.team1817.org,Houston,Houston,tx
NA,Austin,USA,NA,NA,frc2158,NA,NA,NA,NA,Gene Hass  Foundation /Apple/Boy Scouts of America/National Instruments/Texas Workforce Commission/FIRST in Texas/International Business Machines Corporation/REV Robotics/University of Texas at Austin/ausTIN CANs Supporters Group&Anderson H S,ausTIN CANs,78759,2007,Texas,2158,http://www.andersonrobotics.org/,Houston,Houston,tx
NA,Pasadena,USA,NA,NA,frc231,NA,NA,NA,NA,NASA/Texas Workforce Commisson/Oceaneering Space Systems&Pasadena Independent School District,High Voltage,77502,1998,Texas,231,http://www.team231.com,Houston,Houston,tx
NA,Austin,USA,NA,NA,frc2468,NA,NA,NA,NA,"NXP/National Instruments/Intel/Qualcomm/BAE Systems/Berry Consultants/Pixels and Verbs, LLC/EnerChoice /Dell /Westlake & Eanes Science & Technology Association/IBM/RFD & Associates/Westlake High School PTO/Cirrus Logic/SolidWorks/FIRST in Texas/Texas Workforce Commission/Eanes Independent School District/SLACK&Westlake H S",Team Appreciate,78746,2008,Texas,2468,http://www.frc2468.org,Houston,Houston,tx
NA,Lufkin,USA,NA,NA,frc2582,NA,NA,NA,NA,Lockheed Martin/Altice/Lufkin High School/Vallejo Lawn Service/Etech/LufTex Gears/Angelina Glass&Lufkin H S,PantherBots,75901,2008,Texas,2582,http://www.lufkinpantherbots.com,Houston,Houston,tx
NA,Austin,USA,NA,NA,frc2583,NA,NA,NA,NA,3M/Texas Workforce Commission/IBM/Dell/Reddwerks&Westwood H S,RoboWarriors,78750,2008,Texas,2583,http://www.team2583.org,Houston,Houston,tx
NA,Bellaire,USA,NA,NA,frc2585,NA,NA,NA,NA,Pentair/Texas Workforce Commission/ExxonMobil&Bellaire H S,Impact,77401,2008,Texas,2585,https://impact2585.wixsite.com/impact2585,Houston,Houston,tx
NA,Houston,USA,NA,NA,frc2587,NA,NA,NA,NA,DiscoBots.org/Bechtel/ExxonMobil/Shell/Boeing/Texas Workforce Commission/EPO Houston/ProNet Group/GE/Amtex Precision&Lamar H S&Carnegie Vanguard H S,DiscoBots,77098,2008,Texas,2587,http://discobots.org,Houston,Houston,tx
NA,Van Horn,USA,NA,NA,frc2613,NA,NA,NA,NA,Bezos Foundation-Lucia Sevic/Texas Workforce Commission-Jess Jankowitsch/Navigator Oil Company-Jack Blake Jr.&Van Horn H S,Protobots,79855,2008,Texas,2613,http://www.firstinspires.org/,Houston,Houston,tx
NA,Deming,USA,NA,NA,frc2657,NA,NA,NA,NA,NASA/Pepper's Supermarket/Tinley Tee Tire Company/United Country Real Estate/Rocky Mountain Transport/Deming Dental/CRG International&Deming High,Team Thundercats,88030,2008,New Mexico,2657,https://sites.google.com/site/thundercats2657/,Houston,Houston,tx
NA,Dallas,USA,NA,NA,frc2714,NA,NA,NA,NA,REV Robotics/Venture Research /Texas Instruments/Argosy Foundation/Lockheed Martin/Texas Workforce Commission /FIRST in Texas/The Barones & the Hockaday School & Ursuline Academy of Dallas & School for the Talented and Gifted & St Mark'S School of Texas & Plano West Senior H S & The All Spark Academy & Family/Community, BBQ ,75006,2009,Texas,2714,https://www.team2714.com,Houston,Houston,tx
NA,Lasara,USA,NA,NA,frc2721,NA,NA,NA,NA,Lasara ISD&Lasara H S,Fang,78561,2009,Texas,2721,http://www.firstinspires.org/,Houston,Houston,tx
NA,Manor,USA,NA,NA,frc2789,NA,NA,NA,NA,Manor ISD/FIRST In Texas/Manor New Tech High School/Kuka Robotics&Manor New Technology High,TEXPLOSION,78653,2009,Texas,2789,http://www.mnthtitanrobotics.org,Houston,Houston,tx
NA,Waxahachie,USA,NA,NA,frc2805,NA,NA,NA,NA,Waxahachie ISD/Lockheed Martin/Felty Family/Texas Workforce Commission/Delta Machine Company/Dart Foundation/First in Texas &Waxahachie Global H S&Waxahachie H S,Ghost in the Machine,75165,2009,Texas,2805,http://www.waxahachierobotics.org,Houston,Houston,tx
NA,Dallas,USA,NA,NA,frc2848,NA,NA,NA,NA,Jesuit College Prep of Dallas&Jesuit College Prep School,Rangers,75244,2009,Texas,2848,http://www.frc2848.com,Houston,Houston,tx
NA,Austin,USA,NA,NA,frc2881,NA,NA,NA,NA,Girl Scouts of Central Texas/Dell Inc./Duck Tape/BAE Systems Inc./GSCTX Troop #3993/Qualcomm/Cookie Monster&Girl Scouts of Central Texas Troop 3993,Lady Cans,78753,2009,Texas,2881,http://www.frcteam2881.com,Houston,Houston,tx
NA,Katy,USA,NA,NA,frc2882,NA,NA,NA,NA,Bezos Foundation/Texas Workforce Commission&Morton Ranch H S,Nuts n' Boltz,77449,2009,Texas,2882,http://www.firstinspires.org/,Houston,Houston,tx
NA,Waco,USA,NA,NA,frc2897,NA,NA,NA,NA,"Texas Workforce Commission/MarathonNorco Aerospace, Inc./The Argosy Foundation/Society of Women Engineers/Boeing Company/Capstone Mechanical & Family/Community & Paul and Jane Meyer Public H S",R3 - Rapoport Raven Robotics,76704,2009,Texas,2897,http://www.firstinspires.org/,Houston,Houston,tx
NA,Waco,USA,NA,NA,frc2950,NA,NA,NA,NA,FIRST in Texas/Optimist Club of Waco/Texas Workforce Commission&Harmony School of Innovation,Devastators,76710,2009,Texas,2950,http://hsawacorobotics.weebly.com/,Houston,Houston,tx
NA,Pharr,USA,NA,NA,frc2966,NA,NA,NA,NA,Valley View Early College Campus,Tiger Tech,78577,2009,Texas,2966,http://wmebrahim.wix.com/vviewisd#!r.c.,Houston,Houston,tx
NA,San Antonio,USA,NA,NA,frc2969,NA,NA,NA,NA,SAISD Foundation/ALCOA/Texas Workforce Commission/American Association of Blacks in Energy & Houston H S,Aftermath,78220,2009,Texas,2969,https://aftermath2969.wixsite.com/home,Houston,Houston,tx
NA,Dallas,USA,NA,NA,frc3005,NA,NA,NA,NA,Texas Instruments/Vickery Meadows Foundation/The Boeing Company/FIRST in Texas - TWC/AT&T Foundation&Emmett J Conrad H S,RoboChargers,75231,2009,Texas,3005,http://www.frc3005.com,Houston,Houston,tx
NA,Hidalgo,USA,NA,NA,frc3028,NA,NA,NA,NA,South Texas College Technology Campus&Hidalgo H S,Robot Commando Squad,78557,2009,Texas,3028,http://robotcommandosquad.weebly.com,Houston,Houston,tx
NA,Pharr,USA,NA,NA,frc3029,NA,NA,NA,NA,PSJA ISD/American Electric Power/Texas Workforce Commission & FIRST in Texas & T-Stem Early College H S,T-STEM Titans,78577,2009,Texas,3029,http://www.tstem.us/tsa,Houston,Houston,tx
NA,Corpus Christi,USA,NA,NA,frc3035,NA,NA,NA,NA,"American Electric Power/H-E-B Tournament of Champions/Texas Workforce Commission/Sign Xpress/Dream Team Realtors - Sandy Riggs, Realtor/Bezos Family Foundation/Big Tex Trailers/Two the T/Transynd Media/Del Mar College&Collegiate H S",Droid Rage,78404,2009,Texas,3035,http://www.droidrage.org,Houston,Houston,tx
NA,Longview,USA,NA,NA,frc3037,NA,NA,NA,NA,Texas Workforce Commission/Diagnostic Clinic of Longview/Westlake Chemicals/Eastman Chemicals & Longview H S,LOBOTS,75605,2009,Texas,3037,http://www.firstinspires.org/,Houston,Houston,tx
NA,El Paso,USA,NA,NA,frc3043,NA,NA,NA,NA,DaVinci Robotics / Texas Workforce Commission / 3M Commission & Davinci School for Science and the Arts,Dragons,79912,2009,Texas,3043,http://www.dvrdragons.webs.com/,Houston,Houston,tx
NA,Houston,USA,NA,NA,frc3103,NA,NA,NA,NA,Phillips 66/Jacobs Technology/FIRST in Texas&Duchesne Academy of the Sacred Heart,Iron Plaid,77024,2009,Texas,3103,https://www.ironplaid.org,Houston,Houston,tx
NA,San Antonio,USA,NA,NA,frc3240,NA,NA,NA,NA,Texas Workforce Commission/Alcoa/Department of Defence &Jay H S,Team Orion,78227,2010,Texas,3240,https://sites.google.com/a/nisd.net/robotics/,Houston,Houston,tx
NA,Dallas,USA,NA,NA,frc3282,NA,NA,NA,NA,TWC/3M/Raytheon/FIRST &Harmony Science Academy - Dallas,Dallas Robo Tigers,75243,2010,Texas,3282,http://robotigers3282.weebly.com,Houston,Houston,tx
NA,Heath,USA,NA,NA,frc3310,NA,NA,NA,NA,Innovation First International/Metroplex Women's Care/The Boeing Company/Mechanical Sheet Metal/Texas Workforce Commission/FIRST in Texas/Altice/All Sports Etc./Special Products and Manufacturing/Rockwall Independent School District&Rockwall-Heath H S,Black Hawk Robotics,75032,2010,Texas,3310,http://www.team3310.com,Houston,Houston,tx
NA,Cypress,USA,NA,NA,frc3335,NA,NA,NA,NA,Drake Homes/Innovative Fluid Power/Texas Metal Specialty/ASME/Chevron/ConocoPhillips/Parker Drilling&Cypress Ranch H S,Cy-Borgs,77433,2010,Texas,3335,http://www.cyborgs3335.org,Houston,Houston,tx
NA,San Antonio,USA,NA,NA,frc3345,NA,NA,NA,NA,Texas Workforce Commission&St Anthony Catholic High School,Metal Jackets,78212,2010,Texas,3345,Coming Soon,Houston,Houston,tx
NA,Arlington,USA,NA,NA,frc3355,NA,NA,NA,NA,Lockheed-Martin/L-3 Link Simulation and Training/Mouser Electronics/National Instruments/FIRST in Texas Veteran Team Grant/Texas Workforce Commission/University of Texas at Arlington Department of Mechanical and Aerospace Engineering/Ensofab Design and Fabrication/Dassault Solidworks/Uplift Education&Summit International Preparatory,Purple Vipers,76011,2010,Texas,3355,http://smil244.wix.com/team-3355,Houston,Houston,tx
NA,Roscoe,USA,NA,NA,frc3366,NA,NA,NA,NA,West Texas Rock Resources/FIRST in TEXAS/Ludlum Measurement/Napa Auto Parts & Roscoe Collegiate H S,Plowbots,79545,2010,Texas,3366,https://www.plowbots3366.com,Houston,Houston,tx
NA,Irving,USA,NA,NA,frc3370,NA,NA,NA,NA,Texas Workforce Commission/Lockheed Martin/SER National/Northrop Grumman&Jack E Singley Academy,Aftershock,75038,2010,Texas,3370,http://jesaaftershock.weebly.com,Houston,Houston,tx
NA,San Antonio,USA,NA,NA,frc3481,NA,NA,NA,NA,NewTek/Northside ISD/Marathon/FIRST-in-Texas/Lone Star Powder Coating/Crowdstrike/SolidWorks/Bronc Botz SPOTS/SACRA&Brandeis Hs,Bronc Botz ,78249,2011,Texas,3481,http://www.broncbotz.org,Houston,Houston,tx
NA,Jbsa Lackland,USA,NA,NA,frc3545,NA,NA,NA,NA,Lackland ISD/Lockheed Martin/Booz Allen Hamilton/Texas WorkForce Commission & Virginia Allred Stacey Jr/Sr H S,Bots in Blue,78236,2011,Texas,3545,http://www.lacklandisd.net,Houston,Houston,tx
NA,San Antonio,USA,NA,NA,frc3561,NA,NA,NA,NA,Bezos Family Foundation/Texas Workforce Commission&Taft H S,RoboRaiders,78253,2011,Texas,3561,http://www.roboraiders.org,Houston,Houston,tx
NA,Arlington,USA,NA,NA,frc3676,NA,NA,NA,NA,"Lockheed Martin/Mouser Electronics/Dell/General Motors/SER Jobs for Progress National, Inc./Derrick Kinney/Martin Sprocket and Gear, Inc/L3 Technologies/Romeo Engineering Inc&Martin H S",Warrior Robotics,76016,2011,Texas,3676,http://www.firstinspires.org/,Houston,Houston,tx
NA,San Marcos,USA,NA,NA,frc3679,NA,NA,NA,NA,Amazon/Texas Workforce Commission/FIRST in Texas/Argosy Foundation&San Marcos H S,rattlers,78666,2011,Texas,3679,http://www.firstinspires.org/,Houston,Houston,tx
NA,Houston,USA,NA,NA,frc3728,NA,NA,NA,NA,Harmony Science Academy,Momentum,77099,2011,Texas,3728,http://www.firstinspires.org/,Houston,Houston,tx
NA,Spring,USA,NA,NA,frc3735,NA,NA,NA,NA,"Nabors Industries/Campus Kids/Lone Star College, Energy and Manufacturing Institute/Champion Fiberglass/Black and Veatch/First in Texas/Texas Workforce Commision/Crow Corporation/Dassault Systmes SolidWorks/#Slack/TKE Engineering/Oaks Precision Fabricating/ELD Engineering/NRG Energy/Stirling Structures/InvesTex Credit Union&Klein ISD",VorTX,77388,2011,Texas,3735,https://www.vortx3735.org,Houston,Houston,tx
NA,Salado,USA,NA,NA,frc3743,NA,NA,NA,NA,Salado ISD/Freddy's/Schlotzskys/Village of Salado/Brookshire Bros./Ace Hardware/Texas Roadhouse/Buffalo Wild Wings&Salado H S,Eagle Bots,76571,2011,Texas,3743,http://saladorobotics.org,Houston,Houston,tx
NA,Carrollton,USA,NA,NA,frc3802,NA,NA,NA,NA,Prince of Peace Christian School/Big Frogs of Plano/Orb Polymer/Arconic/The Drosche Family/Texas Instruments&Prince of Peace Christian School,RoboPOP,75007,2011,Texas,3802,http://www.poprobots.com,Houston,Houston,tx
NA,Port Lavaca,USA,NA,NA,frc3834,NA,NA,NA,NA,ALCOA Foundation/Calhoun County ISD/DOW/Texas Workforce Commission&Calhoun H S,Crab-bots,77979,2011,Texas,3834,https://sites.google.com/site/calhouncrabbots/home,Houston,Houston,tx
NA,Houston,USA,NA,NA,frc3847,NA,NA,NA,NA,"NRG/Texas Workforce Commission/Solarcraft, Inc/FIRST in Texas/ExxonMobil/International Society of Automation, Houston Chapter/Star Precision Fabricating/Royalty Metal Finishing/DS Solidworks&St Agnes Academy School&Strake Jesuit College Prep School",Spectrum   -,77036,2011,Texas,3847,http://www.spectrum3847.org/,Houston,Houston,tx
NA,San Antonio,USA,NA,NA,frc3997,NA,NA,NA,NA,Marathon Petroleum Corporation/Texas Workforce Commission/Southwest Research Institute/re:3D&Family/Community&Bexar 4-H,Screaming Chickens,78278,2012,Texas,3997,https://www.screamingchickens42.org,Houston,Houston,tx
NA,Del Rio,USA,NA,NA,frc4063,NA,NA,NA,NA,The Bank & Trust/Arconic/San Felipe Del Rio Consolidated Independant School District Del Rio High School/SFDRCISD Career and Technical Education Department&Del Rio H S,TriKzR4Kidz,78840,2012,Texas,4063,http://www.facebook.com/team4063,Houston,Houston,tx
NA,Justin,USA,NA,NA,frc4076,NA,NA,NA,NA,General Electric/FIRST in TEXAS/Northwest ISD STEM Academy/Northwest ISD Career and Technology Education&Northwest H S,Texan Robotics,76247,2012,Texas,4076,http://www.nisdtx.org/Page/33580,Houston,Houston,tx
NA,Los Alamos,USA,NA,NA,frc4153,NA,NA,NA,NA,Los Alamos National Laboratory & Los Alamos National Security LLC/Los Alamos National Bank/ASME Northern New Mexico/Neptune & Company/Thornburg Investment Management/The Blackwell-Carroll Group at Morgan Stanley & Los Alamos High,Project Y,87544,2012,New Mexico,4153,https://www.team4153.org,Houston,Houston,tx
NA,Austin,USA,NA,NA,frc418,NA,NA,NA,NA,Nvidia/Rackspace/Catapult Systems/Athena Manufacturing/Westbrook Metals/Solidworks/Slack/FIRST in Texas/LASA Robotics Association&Lasa High School,Purple Haze,78724,2000,Texas,418,http://www.lasarobotics.org,Houston,Houston,tx
NA,Flower Mound,USA,NA,NA,frc4192,NA,NA,NA,NA,Apple/Lockheed Martin/Texas Workforce Commission/Microsoft/Verizon/iPi&Flower Mound H S,Jaguar Robotics,75022,2012,Texas,4192,https://www.fmhsrobotics.com,Houston,Houston,tx
NA,Fort Worth,USA,NA,NA,frc4206,NA,NA,NA,NA,"Regan Scientific Instruments/Mouser Electronics/Frank W. Neill & Associates/Bell/Lockheed Martin/Southwest Airlines/Crance Family Foundation/Meadows Analysis and Design, LLC/Vario Systems/Nolan Catholic High School/Thompson Charitable Foundation, Joe Thompson/Uptown Pup - Nature & Nurture/SW Industrial Service/Duddie Reid-Banks/No Starch Press/Velox CNC/Griffith, Jay & Michael, LLP/Ruland Manufacturing Company/TTI/3H Hardware/Bill & Anita Bosworth/Gene Lamis/Factory Outlet Tooling&Nolan Catholic High School",Robo Vikes,76103,2012,Texas,4206,http://www.team4206.com,Houston,Houston,tx
NA,San Antonio,USA,NA,NA,frc4219,NA,NA,NA,NA,Rackspace/Texas Workforce Commission & Roosevelt H S,R4 Robo Riders,78218,2012,Texas,4219,http://www.neisd.net/eta,Houston,Houston,tx
NA,Lufkin,USA,NA,NA,frc4295,NA,NA,NA,NA,Lockheed Martin/Texas Workforce Commissiom/Tyane Dietz/MicroConsultants/Lufkin Rotary International/Kasye's Kreations/Altice USA&Hudson H S,Hudson Robotics,75904,2012,Texas,4295,http://hhs.hudsonisd.org/55730_2,Houston,Houston,tx
NA,Odessa,USA,NA,NA,frc4301,NA,NA,NA,NA,SM Energy & New Tech Odessa,SM Energy New Tech Narcissists,79761,2012,Texas,4301,Coming Soon,Houston,Houston,tx
NA,Richmond,USA,NA,NA,frc4328,NA,NA,NA,NA,"EnVibe Inc./Light Shine Laser Tag/Lauren Engineers and Constructors, Inc. & Foster H S",Furious Falcons,77406,2012,Texas,4328,http://www.furiousfalcons.com,Houston,Houston,tx
NA,Edinburg,USA,NA,NA,frc4332,NA,NA,NA,NA,Texas Workforce Commission/Bezos Family Foundation/Lockheed Martin&Edinburg H S,EHS RoboCats,78542,2012,Texas,4332,https://edinburg.ecisd.us/apps/pages/index.jsp?uREC_ID=1484048&type=d&pREC_ID=1633243,Houston,Houston,tx
NA,Stephenville,USA,NA,NA,frc4364,NA,NA,NA,NA,TechnipFMC/Saint Gobain Abrasives/Stephenville Evening Lions Club/NRG&Stephenville H S,Metal Jackets,76401,2012,Texas,4364,http://shs.sville.us/apps/pages/Robotics,Houston,Houston,tx
NA,El Paso,USA,NA,NA,frc4378,NA,NA,NA,NA,3M/Texas Workforce Commition /Ysleta ISD/El Paso STEM Foundation/Bezos Foundation&J M Hanks Hs,Dark Knights,79935,2012,Texas,4378,http://www.hanksrobotics.com,Houston,Houston,tx
NA,San Antonio,USA,NA,NA,frc4412,NA,NA,NA,NA,School of Science and Technology&School of Science and Technology&School of Science and Technology,Steel Stallions,78209,2012,Texas,4412,http://www.firstinspires.org/,Houston,Houston,tx
NA,San Antonio,USA,NA,NA,frc457,NA,NA,NA,NA,"Booz Allen Hamilton/NASA/The Boeing Company/Toyota Motor Manufacturing, Texas, Inc./Prototype Specialist Development/Solidworks/RobotNext/Texas Workforce Commission (FIRST in Texas)&South San Antonio High School", Grease Monkeys ,78224,2000,Texas,457,http://www.greasemonkeys457.org,Houston,Houston,tx
NA,Houston,USA,NA,NA,frc4587,NA,NA,NA,NA,Oceaneering International/EMI/Texas Workforce Commission/Chandra Foundation/Red Husky Renovations&Jersey Village High School,Jersey Voltage,77040,2013,Texas,4587,http://www.jerseyvoltage.com,Houston,Houston,tx
NA,Bastrop,USA,NA,NA,frc4610,NA,NA,NA,NA,FIRST in Texas/Texas Workforce Commission/Kouba Systems/IMEG/Bastrop Independent School District/Paw-Paw's Catfish House/Agilent Technologies&Bastrop H S,BearTecs,78602,2013,Texas,4610,https://sites.google.com/view/beartecs4610/home,Houston,Houston,tx
NA,Katy,USA,NA,NA,frc4639,NA,NA,NA,NA,NALCO Champion/Bechtel/Schneider Electric/Rockwell Automation/Dow Chemical/FIRST in Texas&Seven Lakes High School,The RoboSpartans,77494,2013,Texas,4639,http://www.team4639.org,Houston,Houston,tx
NA,Red Oak,USA,NA,NA,frc4641,NA,NA,NA,NA,Red Oak ISD/Triumph Aerospace Structures/First in Texas/Solar Turbine/Trinity Materials/Parades-Garcia & Associates/Mr. and Mrs. Hauffe/Mr. and Mrs. Hopgood/Citizen's National Bank/Lynette Jefferson/Baxter Machining&Red Oak H S,United,75154,2013,Texas,4641,http://shocknawe4641.wix.com/redoakrobotics4641,Houston,Houston,tx
NA,Amarillo,USA,NA,NA,frc4694,NA,NA,NA,NA,Texas Workforce Commission/Amarillo ISD/IEEE/Rhodes Architecture/Timeless Designs&Amarillo Area Ctr for Advanced Lrn,Atomic Armadillos,79106,2013,Texas,4694,https://armadillos.sleetgate.com/home/,Houston,Houston,tx
NA,Lubbock,USA,NA,NA,frc4717,NA,NA,NA,NA,"X-Fab/Texas Workforce Commission/Altice/South Plains Electric Cooperative, Inc./Hugo Reed and Associates&Lubbock H S",Westerner Robotics,79401,2013,Texas,4717,https://lhsrobotics.weebly.com/,Houston,Houston,tx
NA,Lubbock,USA,NA,NA,frc4734,NA,NA,NA,NA,Texas Workforce Commission/Scoggin Dickey Parts Center/Monsanto/G T Service and Machine/GreenStreet Construction/Parkhill Smith and Cooper/KS Supply/Advance Graphix/Teinert Metals/Batterey Joe/ACME Electric Company/Lubbcok Bolt Bin/Altice&Monterey H S,The Iron Plainsmen,79413,2013,Texas,4734,http://www.firstinspires.org/,Houston,Houston,tx
NA,Lazbuddie,USA,NA,NA,frc4799,NA,NA,NA,NA,Bezos Foundation/2018 FRC Hardship Grant       /Texas Workforce Commission&Lazbuddie School,Lazbuddie Robotics,79053,2013,Texas,4799,http://classroom.lazbuddieisd.org/webs/laz.robotics12/,Houston,Houston,tx
NA,El Paso,USA,NA,NA,frc5047,NA,NA,NA,NA,Boeing/Texas Workforce Commission/Marathon Oil /Beltran Manufacture&Del Valle Hs,DV CONQUISTABOTS,79907,2014,Texas,5047,http://www.dvsystems1.weebly.com,Houston,Houston,tx
NA,Cedar Park,USA,NA,NA,frc5052,NA,NA,NA,NA,National Instruments/QuarterSpot/Dell EMC PowerEdge /Mercedes-Benz of Austin/Texas Workforce Commission/Leander ISD &Cedar Park H S,The RoboLobos,78613,2014,Texas,5052,http://team5052.com/,Houston,Houston,tx
NA,Dallas,USA,NA,NA,frc5057,NA,NA,NA,NA,Raytheon/Texas Workforce Commission & School of Science and Engineering,RoboBusters,75203,2014,Texas,5057,https://twitter.com/Robobusters_,Houston,Houston,tx
NA,Houston,USA,NA,NA,frc5070,NA,NA,NA,NA,Synergistic STEM Outreach Center/Pentair/Webster Family /Bezos Family Foundation/New Begining Church/Texas Workforce Commission/First in Texas/Baham and Sons Machine Works&Neighborhood Group,Gearnotics,77245,2014,Texas,5070,http://www.firstinspires.org/,Houston,Houston,tx
NA,New Braunfels,USA,NA,NA,frc5103,NA,NA,NA,NA,Texas Workforce Commision/Comal ISD/Comal Education Foundation&Alamo Colleges - Memorial Early College H S,Jaegernauts,78130,2014,Texas,5103,http://www.firstinspires.org/,Houston,Houston,tx
NA,Denton,USA,NA,NA,frc5212,NA,NA,NA,NA,Texas Instruments/Dell/University of North Texas/Friends and Family of Team 5212&Texas Academy of Mathematics and Science,TAMSformers Robotics ,76203,2014,Texas,5212,http://tamsformers.weebly.com/,Houston,Houston,tx
NA,Dallas,USA,NA,NA,frc5242,NA,NA,NA,NA,Texas Instruments/Dell-EMC/Exchange Club of East Dallas/Texas Workforce Comission/Woodrow Wilson High School Robotics Boosters/Angels of Blue Protective Services/The Microsurgery Spine and Pain Institute/Dallas Independent School District&Woodrow Wilson H S, RoboCats ,75214,2014,Texas,5242,http://wwhsrobocats.wixsite.com/5242,Houston,Houston,tx
NA,Humble,USA,NA,NA,frc5261,NA,NA,NA,NA,NRG & Summer Creek H S,Cyber Shock,77338,2014,Texas,5261,http://www.firstinspires.org/,Houston,Houston,tx
NA,Prosper,USA,NA,NA,frc5411,NA,NA,NA,NA,Lockheed Martin/Texas Instruments/Texas Workforce Commission/Prosper Independent School District/Altice/First in Texas&Prosper H S,PowerEagle,75078,2015,Texas,5411,http://www.firstinspires.org/,Houston,Houston,tx
NA,Pearland,USA,NA,NA,frc5414,NA,NA,NA,NA,NASA/Boeing/Texas Workforce Commission/Aura Engineering/Primrose of Clear Lake/BNY Mellon/Jacobs&Robert Turner College and Career H S&Glenda Dawson H S&Pearland H S,Pearadox,77584,2015,Texas,5414,https://www.pearadox5414.org,Houston,Houston,tx
NA,Allen,USA,NA,NA,frc5417,NA,NA,NA,NA,Texas Instruments/Boeing/FIRST in Texas/Texas Workforce Commission/IBM/Raytheon/Greg Gorman/Multisensory Reading Center/Allen Arts Alliance/Datawrx.com/FCS Construction/Seimens&Allen H S,Eagle Robotics,75002,2015,Texas,5417,http://team5417.wixsite.com/home,Houston,Houston,tx
NA,Katy,USA,NA,NA,frc5427,NA,NA,NA,NA,Dell/Oceaneering/Lowe's/Exxon/Mobil/The Hydrographic Society of America - Houston Chapter&Obra D. Tompkins High School,Steel Talons,77494,2015,Texas,5427,http://www.tompkins-robotics.weebly.com,Houston,Houston,tx
NA,Plano,USA,NA,NA,frc5431,NA,NA,NA,NA,Flowserve/FIRST In Texas/Cali Kind/Texas Workforce Commission/Microsoft/Texas Instruments/BAE/Alliance Data/TIL Investments/Plano ISD/Titan Robotics Booster Club/MariaDB/Diamond Data Systems/Raising Canes&Plano Isd Academy H S,Titan Robotics in memory of Jordan Grant,75075,2015,Texas,5431,http://www.frc5431.com,Houston,Houston,tx
NA,Smithville,USA,NA,NA,frc5503,NA,NA,NA,NA,Smithville H S & Smithville H S,Smithville Tiger Trons,78957,2015,Texas,5503,http://www.firstinspires.org/,Houston,Houston,tx
NA,San Antonio,USA,NA,NA,frc5572,NA,NA,NA,NA,Andeavor/North East I.S.D. STEM Academy/Rackspace/Booz Allen Hamilton/Triple Crown Resource&Lee H S,ROSBOTS,78213,2015,Texas,5572,http://www.frc5572.org,Houston,Houston,tx
NA,Alamogordo,USA,NA,NA,frc5613,NA,NA,NA,NA,The Boeing Company/United States Air Force STEM/Society of Women Engineers/Farmers Insurance John Glass/First National Bank of Alamogordo/OteroSTEM/ETV&Alamogordo High&Imago Dei Academy&Cloudcroft High&Home School,ThunderDogs,88310,2015,New Mexico,5613,http://www.thunderdogs5613.com,Houston,Houston,tx
NA,San Antonio,USA,NA,NA,frc5681,NA,NA,NA,NA,Texas Workforce Commission&Southwest H S,Dragonbots,78252,2015,Texas,5681,http://www.firstinspires.org/,Houston,Houston,tx
NA,Mesquite,USA,NA,NA,frc5682,NA,NA,NA,NA,Boeing/Texas Workforce Commission&North Mesquite H S,Equus Engineering,75150,2015,Texas,5682,http://www.firstinspires.org/,Houston,Houston,tx
NA,San Antonio,USA,NA,NA,frc5726,NA,NA,NA,NA,Texas Workforce Commission&STEM Early College High School,RHUMBOTZ,78214,2015,Texas,5726,https://www.facebook.com/STEM-ECHS-Robotics-232793157072084/info/?tab=page_info,Houston,Houston,tx
NA,San Antonio,USA,NA,NA,frc5754,NA,NA,NA,NA,South Texas Solar/Texas Workforce Commission/Solis and Smith llc&Brooks Academy of Science and Engineering,Brooks Academy Robotics,78235,2015,Texas,5754,http://www.firstinspires.org/,Houston,Houston,tx
NA,Eunice,USA,NA,NA,frc5783,NA,NA,NA,NA,Eunice Public Schools/Cardinal Hardware/URENCO USA&Eunice High,RoboDucks,88231,2015,New Mexico,5783,Coming Soon,Houston,Houston,tx
NA,Houston,USA,NA,NA,frc5829,NA,NA,NA,NA,Awty International School/Lincoln Electric/Texas Metal Specialty/Surface Techniques&Awty International School,AwtyBots,77055,2016,Texas,5829,http://www.awtybots.org,Houston,Houston,tx
NA,Wolfforth,USA,NA,NA,frc5866,NA,NA,NA,NA,Texas Workforce Commission/Tucker/Mooney Family/Skeen's Construction Inc.  /Frenship ISD Career and Technology Education/Frazier Family&Frenship H S,Fe [Iron] Tigers,79382,2016,Texas,5866,http://jholloway59.wixsite.com/frenshipengineering,Houston,Houston,tx
NA,Lubbock,USA,NA,NA,frc5888,NA,NA,NA,NA,"FIRST In Texas/BB-8 Builders Club/Coronado High School-LISD/City Bank/Ventura/Robinson, Burdette, Martin & Seright, LLP/BSA  Consulting Engineers/Sam's Club/Irrigation Dynamics & Coronado H S",M.E.T.A. Robotics,79410,2016,Texas,5888,Coming Soon,Houston,Houston,tx
NA,Houston,USA,NA,NA,frc5892,NA,NA,NA,NA,"Bechtel/Oceaneering/Williams Company/Hasty-Bake Charcoal Grills/Salaberry-Tort Family/Pfizer/Kahanek, Franke, and Associates, LLC/Mitchell D and Karen B Lukin Fund/Texas Workforce Commission/Steptoe Ventures/Roberts Tax Appeals/Manning Family/CommunityBank of Texas/Centerpoint Energy/TX/RX Labs&Energy Institute High School",Energy HEROs,77004,2016,Texas,5892,https://www.team5892.com,Houston,Houston,tx
NA,Edinburg,USA,NA,NA,frc5894,NA,NA,NA,NA,Amaida Machine Shop/University Auto Body & Collision&Economedes H S,J.E.H.S. CyberJags,78542,2016,Texas,5894,https://www.facebook.com/FRC-Team-5894-CyberJags-505679949605420/,Houston,Houston,tx
NA,Stafford,USA,NA,NA,frc5908,NA,NA,NA,NA,Spartans Robotics/Hunting Company/Rudolph Medical Associates/Texas Workforce Commission/Lena Tax Services/Best Burgers/Stafford MSD/FIRST in Texas/HEB/Quoc Hai-Van Charity Foundation/Smart Financial&Stafford H S,Spartans,77477,2016,Texas,5908,http://www.spartans5908robotics.com,Houston,Houston,tx
NA,Angleton,USA,NA,NA,frc5923,NA,NA,NA,NA,Dow Chemical/BASF/FIRST in Texas Foundation/Texas Workforce Commission/Angleton Sheet Metal/Chicken Express/Angleton Education Foundation/NASA&Angleton H S,WildC.A.T.S.,77515,2016,Texas,5923,http://www.firstinspires.org/,Houston,Houston,tx
NA,Mission,USA,NA,NA,frc5960,NA,NA,NA,NA,Royal Technologies/Argosy Foundation/Texas Workforce Commission/FIRST In Texas Foundation/RGV SMART 3/Mission Consolidated Independent School District & Mission H S,Mighty ROBO-RANGERS,78572,2016,Texas,5960,http://roborangers5960.wixsite.com/frc5960,Houston,Houston,tx
NA,San Antonio,USA,NA,NA,frc5986,NA,NA,NA,NA,B.E.A.T. LLC/Eureka Sheet Metal/Texas Workforce Commission/Dassault Systems SolidWorks/Booz Allen Hamilton&Central Catholic High School&Providence Catholic School, Iron Fangs ,78215,2016,Texas,5986,http://www.firstinspires.org/,Houston,Houston,tx
NA,Houston,USA,NA,NA,frc6111,NA,NA,NA,NA,Webster Family /Texas Workforce Commission&Mickey Leland College Preparatory Academy,RoboKnights,77020,2016,Texas,6111,http://www.facebook.com/mlcparobotics,Houston,Houston,tx
NA,North Richland Hills,USA,NA,NA,frc6133,NA,NA,NA,NA,Amwell Fabrication Services Incorporated/Bell Helicopter/Lockheed Martin/Mouser/Texas Workforce Commission/Birdville ISD & Birdville H S & Richland H S & Haltom H S,b a s h,76180,2016,Texas,6133,https://www.birdvilleschools.net/HaltomRobotics,Houston,Houston,tx
NA,El Paso,USA,NA,NA,frc6144,NA,NA,NA,NA,"The Lopez Family/Ms. Angela Glover/Schneider Electric/Valtrek/University of Texas at El Paso, College of Engineering/DoD/FIRST in Texas/National Instruments&Loretto Academy",Angelbots Gold,79903,2016,Texas,6144,Coming Soon,Houston,Houston,tx
NA,San Antonio,USA,NA,NA,frc6155,NA,NA,NA,NA,Lackland AFB CCSD/Best Buy/Dell&Young Women'S Leadership Academy,ElektraBots,78201,2016,Texas,6155,http://www.firstinspires.org/,Houston,Houston,tx
NA,Plano,USA,NA,NA,frc6171,NA,NA,NA,NA,"Chain Reaction Robotics, FRC 6171/Alliance Data/Lear Corporation/Plano ISD/Texas Workforce Commission/Technical Difficulties, FTC Team 7172&Plano Sr H S", Chain Reaction ,75075,2016,Texas,6171,http://www.chainreaction6171.org/,Houston,Houston,tx
NA,Mission,USA,NA,NA,frc6180,NA,NA,NA,NA,Texas Workforce Commission/Royal Technologies&Juan Diego Academy,Mechanical Lions ,78573,2016,Texas,6180,http://www.firstinspires.org/,Houston,Houston,tx
NA,Katy,USA,NA,NA,frc624,NA,NA,NA,NA,"BP America/Oceaneering/Bechtel/Schneider Electric/Exterran/Heyltex/BHP/Phillips 66/Transocean/Wood Group/SubSea 7/Murphy Oil Corporation/ExxonMobil/Williams/The Hydrographic Society of America, Houston Chapter/FedEx/National Instruments/Texas Workforce Commission/Chick-fil-A/Autodesk/SolidWorks/GitHub, Inc&Cinco Ranch H S",CRyptonite,77494,2001,Texas,624,http://www.team624.org,Houston,Houston,tx
NA,San Antonio,USA,NA,NA,frc6306,NA,NA,NA,NA,DoD STEM-Restricted/Analytical Scientific&The Atonement Academy,Atonement Academy CrewStators,78255,2017,Texas,6306,NA,Houston,Houston,tx
NA,Laredo,USA,NA,NA,frc6315,NA,NA,NA,NA,Harmony School of Excellence/TM Logistics/Montes Express LLC/International Bank of Commerce/Harmony School of Excellence - Laredo/Chick-Fil-A Laredo/CPE Energy&Harmony School of Excellence - Laredo,Code Error 404,78041,2017,Texas,6315,NA,Houston,Houston,tx
NA,Leander,USA,NA,NA,frc6321,NA,NA,NA,NA,Leander ISD/FIRST in Texas/Texas Workforce Commission/Integrated Metal Products/Altice/DANA Technologies/Bezos Family Foundation/ABC Copy Company&Rouse H S, R-Cubed  Rouse Raider Robotics ,78641,2017,Texas,6321,http://www.rouserobotics.org,Houston,Houston,tx
NA,Dripping Springs,USA,NA,NA,frc6357,NA,NA,NA,NA,Apple/Texas Workforce Commission/FIRST in Texas/The Rozell Family/Unlimited Power Sports/BAE Systems/Del Angel Photography/Cisco Systems/Cirrus Logic/Solidworks/Intel/Hop'd Up Pizza&Dripping Springs H S,The Spring Konstant,78620,2017,Texas,6357,http://www.springkonstant.org,Houston,Houston,tx
NA,McKinney,USA,NA,NA,frc6369,NA,NA,NA,NA,Emerson Process Management/Best Buy McKinney/Texas Instruments/Raytheon/ Collin County Habitat for Humanity/Texas Workforce Commission/Loews McKinney Store #2878/Camozzi Pneumatics/Mr. Handyman of Midwest Collin County/Rotary Club of McKinney&Family/Community,Mercenary Robotics,75070,2017,Texas,6369,NA,Houston,Houston,tx
NA,Austin,USA,NA,NA,frc6377,NA,NA,NA,NA,ATX Robotics/KLA-Tencor Foundation/Integrated Metal Products/Nolan Ryan Foundation/Rackspace/Qualcomm/Dell & Family/Community,Howdy Bots,78759,2017,Texas,6377,http://www.howdybots.org,Houston,Houston,tx
NA,Killeen,USA,NA,NA,frc647,NA,NA,NA,NA,Texas Workforce Commission/Northrup Grumman/Dynamic Designs/Killeen Independent School District/GEAR UP&Robert M Shoemaker H S,CYBERWOLVES,76549,2001,Texas,647,https://www.killeenisd.org/Schools/templates/basicWithCarousel/basicWithCarousel.cfm?navBarID=7669&cssFileName=blueMedAndWhite.css&campusCode=189,Houston,Houston,tx
NA,Houston,USA,NA,NA,frc6488,NA,NA,NA,NA,NASA/Texas Workforce Commission&Mayde Creek H S,RoboRams,77084,2017,Texas,6488,NA,Houston,Houston,tx
NA,Garland,USA,NA,NA,frc6526,NA,NA,NA,NA,Texas Workforce Commission&Naaman Forest H S,Cyber Rangers,75040,2017,Texas,6526,http:///NFHSREO.weebly.com,Houston,Houston,tx
NA,San Antonio,USA,NA,NA,frc653,NA,NA,NA,NA,Boeing/Texas Workforce Commission & FIRST in Texas/Bezos Foundation&Edison H S,NOSIDE,78212,2001,Texas,653,http://www.edisonengineering.org,Houston,Houston,tx
NA,Magnolia,USA,NA,NA,frc6547,NA,NA,NA,NA,Texas Workforce Commission/Bezos Foundation&Magnolia West H S,Flaming Metal Robotics,77353,2017,Texas,6547,NA,Houston,Houston,tx
NA,Crosby,USA,NA,NA,frc6645,NA,NA,NA,NA,Bezos Family Foundation/First in Texas&Crosby High School,Alloy Obsession,77532,2017,Texas,6645,NA,Houston,Houston,tx
NA,Belton,USA,NA,NA,frc6646,NA,NA,NA,NA,Henry T Waskow H S & Belton H S,Belton Robotics Spacemakers,76513,2017,Texas,6646,NA,Houston,Houston,tx
NA,Arlington,USA,NA,NA,frc6655,NA,NA,NA,NA,"Texas Workforce Comission/Lockheed Martin/SER Jobs for Progress National, Inc.&Sam Houston H S",Texan Robotics,76014,2017,Texas,6655,NA,Houston,Houston,tx
NA,Pharr,USA,NA,NA,frc6664,NA,NA,NA,NA,DELL Corp.&Teenage Parent Prog,LADYBOTS,78577,2017,Texas,6664,NA,Houston,Houston,tx
NA,Fort Worth,USA,NA,NA,frc6671,NA,NA,NA,NA,Diamond Hill-Jarvis H S,Adamas Robotics,76106,2017,Texas,6671,NA,Houston,Houston,tx
NA,Irving,USA,NA,NA,frc6672,NA,NA,NA,NA,Mr. and Mrs. Michael Moroney&Cistercian Preparatory School,Fusion Corps,75039,2017,Texas,6672,NA,Houston,Houston,tx
NA,Alamogordo,USA,NA,NA,frc6682,NA,NA,NA,NA,"Dow/DoD STEM/Air Force STEM/Rocky Mountain Aspen Ranch Springs, LLC&Family/Community&Alamogordo High", A.S.T.R.O. Vikings,88310,2017,New Mexico,6682,https://www.facebook.com/TeamOutreach6682/,Houston,Houston,tx
NA,Pharr,USA,NA,NA,frc6733,NA,NA,NA,NA,Texas Workforce Commission/Dell&Home School,PSJA North Raiders,78577,2017,Texas,6733,NA,Houston,Houston,tx
NA,Dallas,USA,NA,NA,frc6751,NA,NA,NA,NA,"Texas Workforce Commission Jess Jankowitsch/SER Jobs for Progress National, Inc.&Sunset High School",RoboFlash,75208,2017,Texas,6751,http://www.dallasisinnovates.com,Houston,Houston,tx
NA,Edinburg,USA,NA,NA,frc6754,NA,NA,NA,NA,Texas Workforce Commission /Idea Public Schools/Stainless steel &Idea College Prep,Trailbots ,78541,2017,Texas,6754,NA,Houston,Houston,tx
NA,Denison,USA,NA,NA,frc6768,NA,NA,NA,NA,Eaton/NASA/Solidworks/unifirst&Denison H S,Denison Robo-Jackets,75020,2017,Texas,6768,http://Denisonengineering.com,Houston,Houston,tx
NA,Austin,USA,NA,NA,frc6800,NA,NA,NA,NA,ViperBots Friends and Family/Leander ISD/NASA/ARM/FIRST in Texas/Hanger/Civitas/Dell Computers/Convergent Technologies/Texas Workforce Commission&Vandegrift H S,ViperBots Valor,78750,2018,Texas,6800,http://viperbotsvalor6800.com/,Houston,Houston,tx
NA,Pharr,USA,NA,NA,frc6830,NA,NA,NA,NA,Texas Workforce Commission/Dell&Psja Southwest H S&Psja Southwest H S,Hogbotics,78577,2018,Texas,6830,NA,Houston,Houston,tx
NA,Plano,USA,NA,NA,frc6898,NA,NA,NA,NA,"Rochester Gauges/Lockheed Martin/NASA/Texas Workforce Commission/Dell/FIRST in Texas/Kirby Eye Center/Craig Ranch OBGYN/Alecom Metal Works, Inc./Solidworks/arm/Baldwin Metals&Family/Community",The Undergraduate School of Carrots ,75093,2018,Texas,6898,https://usocfrc.org,Houston,Houston,tx
NA,Frisco,USA,NA,NA,frc6901,NA,NA,NA,NA,Texas Workforce Comimision&Independence H S,Knights Robotics,75035,2018,Texas,6901,NA,Houston,Houston,tx
NA,Ingram,USA,NA,NA,frc6935,NA,NA,NA,NA,Texas Workforce Commission&Ingram-Tom Moore H S,Ingram Tom Moore RoboWarriors,78025,2018,Texas,6935,NA,Houston,Houston,tx
NA,Socorro,USA,NA,NA,frc6974,NA,NA,NA,NA,2018 Argosy Foundation FRC Rookie Grant/AFRL NM STEM Outreach/Leidos/New Mexico Tech&Family/Community,Zia Robotics,87801,2018,New Mexico,6974,NA,Houston,Houston,tx
NA,Lubbock ,USA,NA,NA,frc6993,NA,NA,NA,NA,FIRST in Texas/Texas Workforce Commision /Argosy/City Bank/Knights of Columbus/FRC Team 4734&Juvenile Justice Alternate Education Program ,Dragons ,79515,2018,Texas,6993,NA,Houston,Houston,tx
NA,Grand Prairie,USA,NA,NA,frc704,NA,NA,NA,NA,Lockheed Martin/Grand Prairie Ed Foundation/Ricks Consulting/Texas Workforce Commission/Decals Plus/Control Products Corporation/Grand Prairie ISD&So Grand Prairie H S,Warriors,75052,2001,Texas,704,http://www.sgprobotics.org,Houston,Houston,tx
NA,San Antonio,USA,NA,NA,frc7063,NA,NA,NA,NA,Karen Wagner H S,Wagner TSTEM FRC 1,78244,2018,Texas,7063,NA,Houston,Houston,tx
NA,Somerset,USA,NA,NA,frc7088,NA,NA,NA,NA,Somerset H S,Robodogs,78069,2018,Texas,7088,NA,Houston,Houston,tx
NA,Dallas,USA,NA,NA,frc7091,NA,NA,NA,NA,Uplift Education - Uplift Luna Secondary,Atlas Orbis,75226,2018,Texas,7091,NA,Houston,Houston,tx
NA,Austin,USA,NA,NA,frc7093,NA,NA,NA,NA,Texas Workforce Commission&Veritas Academy,Veritas Valiants,78749,2018,Texas,7093,NA,Houston,Houston,tx
NA,Houston,USA,NA,NA,frc7115,NA,NA,NA,NA,Texas Workforce/FedEx/Two Sigma&Yates H S,Red Lion Bots,77004,2018,Texas,7115,NA,Houston,Houston,tx
NA,Dallas,USA,NA,NA,frc7119,NA,NA,NA,NA,"SER Jobs for Progress National, Inc.&Sunset High School",Sunset RoboBison,75208,2018,Texas,7119,NA,Houston,Houston,tx
NA,Dallas,USA,NA,NA,frc7120,NA,NA,NA,NA,"SER Jobs for Progress National, Inc./FlowServe/Argosy Foundation/Lockheed Martin&Irma Lerma Rangel Young Women'S Leadership School",ThunderChicas,75210,2018,Texas,7120,http://rangelrobotics.wixsite.com/website,Houston,Houston,tx
NA,Keller,USA,NA,NA,frc7121,NA,NA,NA,NA,Lockheed Martin/Texas Workforce Commission/Mouser Electronics/Keller ISD&Keller H S&Fossil Ridge H S&Timber Creek H S&Central H S,Keller Fusion Robotics,76248,2018,Texas,7121,https://www.kcalrobotics.weebly.com,Houston,Houston,tx
NA,Glen Rose,USA,NA,NA,frc7125,NA,NA,NA,NA,Texas Workforce Commission & Glen Rose High School,Tigerbotics,76403,2018,Texas,7125,http://www.facebook.com/GRHSRT,Houston,Houston,tx
NA,Fischer,USA,NA,NA,frc7138,NA,NA,NA,NA,Texas Work Force Comission & Canyon Lake H S,Wing It,78623,2018,Texas,7138,NA,Houston,Houston,tx
NA,Garland,USA,NA,NA,frc7179,NA,NA,NA,NA,Texas Workforce Commission/Team Sixty Robotics LLC/LTG International&Family/Community,Crossfire,75040,2018,Texas,7179,NA,Houston,Houston,tx
NA,New Braunfels,USA,NA,NA,frc7264,NA,NA,NA,NA,Canyon H S,Cougar Robotics,78130,2018,Texas,7264,NA,Houston,Houston,tx
NA,Roswell,USA,NA,NA,frc7271,NA,NA,NA,NA,University High & Early College High School,Hanger 84 Robotics,88203,2018,New Mexico,7271,NA,Houston,Houston,tx
NA,Haslet,USA,NA,NA,frc7303,NA,NA,NA,NA,Texas Workforce Commission/Reach Robotics&V R Eaton H S,Reach Robotics,76052,2018,Texas,7303,http://www.eatonHSrobotics.org,Houston,Houston,tx
NA,Tomball,USA,NA,NA,frc7312,NA,NA,NA,NA,Tomball H S,T3,77375,2018,Texas,7312,https://tomballrobotics.wixsite.com/home,Houston,Houston,tx
NA,Garland,USA,NA,NA,frc7319,NA,NA,NA,NA,Gilbreath-Reed Career and Technical Center & Gilbreath-Reed Career and Technical Center,1UP,75040,2018,Texas,7319,NA,Houston,Houston,tx
NA,Irving,USA,NA,NA,frc7321,NA,NA,NA,NA,"SER Jobs for Progress National, Inc&Barbara Cardwell Career Preparatory Center",Aguila Robotica,75061,2018,Texas,7321,NA,Houston,Houston,tx
NA,Jadeh Mahbas,Afghanistan,NA,NA,frc7329,NA,NA,NA,NA,Microsoft Canada/Magna/Synnex &Family/Community,The Afghan Dreamers,3001,2018,Hert,7329,NA,NA,NA,tx
NA,Clute,USA,NA,NA,frc7410,NA,NA,NA,NA,Dow/Texas Workforce Commision/Argosy&Brazoswood H S,Texas Toast,77531,2019,Texas,7410,https://sites.google.com/brazosportisd.net/bwoodrobot/robotics,Houston,Houston,tx
NA,Channelview,USA,NA,NA,frc7418,NA,NA,NA,NA,Lyondelbasell/Channelview Independent School District/Puzzometry/Great Western Metals&Channelview H S,Channelview TechnoFalcons,77530,2019,Texas,7418,NA,Houston,Houston,tx
NA,Livingston,USA,NA,NA,frc7440,NA,NA,NA,NA,Livingston H S,Robo Lions (FRC),77351,2019,Texas,7440,NA,Houston,Houston,tx
NA,The Woodlands,USA,NA,NA,frc7492,NA,NA,NA,NA,"Anadarko/Argosy Foundation/FIRST in Texas/Texas Workforce Commission/Armstrong McCall/Code Ninjas/Gulf Island Fabrication, Inc. /Lavish Salon & Blowdry Bar/Lyft/Mindy Harmon Photography/Ocker Consulting & Analytics/ReMax, Michelle Harmon Team/Switzer Family/Thibaut Family/Trendsetter Vulcan Offshore/Conroe ISD&College Park H S&Academy of Science and Technology at College Park HS",CavBots (Cavalier Robotics),77384,2019,Texas,7492,https://www.facebook.com/cavalierrobotics/,Houston,Houston,tx
NA,Missouri City,USA,NA,NA,frc7494,NA,NA,NA,NA,National Aeronautics and Space Administration&Dulles H S,Circuit Bizurkers,77459,2019,Texas,7494,NA,Houston,Houston,tx
NA,Frisco,USA,NA,NA,frc7503,NA,NA,NA,NA,Improving Enterprises/Adams Emgineering & Development/IDEXX/Matt Spradley/Steve Strittmatter /UNT/Amir Rajan&Family/Community,Radicubs,75034,2019,Texas,7503,NA,Houston,Houston,tx
NA,Arlington,USA,NA,NA,frc7506,NA,NA,NA,NA,Texas Workforce Commission/Lockheed Martin&Arlington ISD Dan Dipert Career and Technical Center,Fighting Ferrets,76010,2019,Texas,7506,NA,Houston,Houston,tx
NA,Temple,USA,NA,NA,frc7508,NA,NA,NA,NA,STartEM/Temple College&STartEM ,STartEM ,76501,2019,Texas,7508,http://www.STartEM.org,Houston,Houston,tx
NA,Houston,USA,NA,NA,frc7510,NA,NA,NA,NA,Arundo Analytics&Spring Woods H S,Prowlers,77080,2019,Texas,7510,NA,Houston,Houston,tx
NA,Waco,USA,NA,NA,frc7511,NA,NA,NA,NA,Texas WorkForce Commission/NASA&Greater Waco Advanced Manufacturing Academy ,GWAMA FRC Robotics,76703,2019,Texas,7511,NA,Houston,Houston,tx
NA,Houston,USA,NA,NA,frc7518,NA,NA,NA,NA,Lee H S,Generals FRC,77057,2019,Texas,7518,NA,Houston,Houston,tx
NA,Laredo,USA,NA,NA,frc7521,NA,NA,NA,NA,NASA/American Electric Power/Deutsch & Deutsch/Warren Transport Inc.&United H S,ULTIMATE Robotics,78045,2019,Texas,7521,NA,Houston,Houston,tx
NA,El Paso,USA,NA,NA,frc7533,NA,NA,NA,NA,Bowie H S,OSO-TECH,79905,2019,Texas,7533,NA,Houston,Houston,tx
NA,Fort Worth,USA,NA,NA,frc7534,NA,NA,NA,NA,Southwest H S,Dragonflies,76133,2019,Texas,7534,NA,Houston,Houston,tx
NA,Arlington,USA,NA,NA,frc7535,NA,NA,NA,NA,Texas Workforce Commission/NASA/FIRST in Texas&Summit International Preparatory,Purple Poison,76011,2019,Texas,7535,NA,Houston,Houston,tx
NA,Sandia Park,USA,NA,NA,frc7540,NA,NA,NA,NA,East Mtn High School,The Sandia Singularities,87047,2019,New Mexico,7540,NA,Houston,Houston,tx
NA,Muleshoe,USA,NA,NA,frc7573,NA,NA,NA,NA,Muleshoe H S,MULEBOTICS,79347,2019,Texas,7573,https://classroom.google.com/u/1/c/MTY4NDkwOTg5MDJa,Houston,Houston,tx
NA,Sweeny,USA,NA,NA,frc7616,NA,NA,NA,NA,Sweeny ISD/The Dow Chemical Company/FIRST in Texas/Argosy Foundation&Sweeny H S,Cerberus,77480,2019,Texas,7616,NA,Houston,Houston,tx
NA,Spring Branch,USA,NA,NA,frc7621,NA,NA,NA,NA,Smithson Valley H S,Iron Rangers,78070,2019,Texas,7621,NA,Houston,Houston,tx
NA,Santa Fe,USA,NA,NA,frc7649,NA,NA,NA,NA,Santa Fe Public Schools/Argosy Foundation/Rio Grande Orthodonics/Guadalupe Credit Union/Toyota of Santa Fe/NuStar&Santa Fe Public Schools/All District Team,Feles Numine,87505,2019,New Mexico,7649,NA,Houston,Houston,tx
NA,Tomball,USA,NA,NA,frc7691,NA,NA,NA,NA,Tomball star academy,Oakley,77375,2019,Texas,7691,NA,Houston,Houston,tx
NA,Dallas,USA,NA,NA,frc7704,NA,NA,NA,NA,Dallas ISD STEM Department&Justin F Kimball H S,Kimball E-TECH @ Mountain View College ,75233,2019,Texas,7704,https://www.dallasisd.org/Page/2562,Houston,Houston,tx
NA,Sugar Land,USA,NA,NA,frc7705,NA,NA,NA,NA,Harmony School of Science - Houston High,Mustangs Robotics,77478,2019,Texas,7705,NA,Houston,Houston,tx
NA,Terrell,USA,NA,NA,frc7708,NA,NA,NA,NA,Terrell H S,Tiger Nation ,75160,2019,Texas,7708,https://sites.google.com/terrellisd.org/terrellhighschoolrobotics/frc/team-7708?read_current=1,Houston,Houston,tx
NA,Carrollton,USA,NA,NA,frc7720,NA,NA,NA,NA,Family/Community, Dallas Area Robotics Experience  ,75006,2019,Texas,7720,http:///www.firstinspires.org,Houston,Houston,tx
NA,Dallas,USA,NA,NA,frc7749,NA,NA,NA,NA,L G Pinkston High School,Level UP,75212,2019,Texas,7749,NA,Houston,Houston,tx
NA,Alpine,USA,NA,NA,frc7750,NA,NA,NA,NA,Alpine H S,Alpine robo bucks,79830,2019,Texas,7750,NA,Houston,Houston,tx
NA,San Antonio,USA,NA,NA,frc7837,NA,NA,NA,NA,Leaptran/Texas Workforce Commission/Argosy Foundation/First in Texas&Milton B Lee Academy of Science & Engineering,Beast of Prey,78213,2019,Texas,7837,NA,Houston,Houston,tx
NA,Wimberley,USA,NA,NA,frc7872,NA,NA,NA,NA,Dell&Wimberley H S,Wimberley Wavelengths,78676,2019,Texas,7872,NA,Houston,Houston,tx
